日期,收入金额,客户类型,收入渠道,业务标签
2024-06-01,5220.3,合作伙伴,微信,广告收入
2024-06-01,8797.26,新客户,微信,服务费
2024-06-01,8981.45,老客户,银行转账,服务费
2024-06-01,5677.04,老客户,POS机,平台分成
2024-06-01,11655.95,新客户,银行转账,销售收入
2024-06-01,11846.79,合作伙伴,微信,广告收入
2024-06-01,6929.88,合作伙伴,POS机,平台分成
2024-06-01,6143.98,合作伙伴,支付宝,平台分成
2024-06-02,8356.16,合作伙伴,银行转账,销售收入
2024-06-02,7913.37,合作伙伴,微信,销售收入
2024-06-02,7266.5,老客户,银行转账,平台分成
2024-06-02,7925.4,新客户,支付宝,平台分成
2024-06-02,8727.59,合作伙伴,微信,服务费
2024-06-02,6411.1,合作伙伴,银行转账,广告收入
2024-06-02,7426.37,老客户,POS机,平台分成
2024-06-03,8973.37,老客户,支付宝,服务费
2024-06-03,8546.6,合作伙伴,POS机,服务费
2024-06-03,10204.4,合作伙伴,支付宝,服务费
2024-06-03,7710.88,新客户,POS机,平台分成
2024-06-03,7247.24,新客户,微信,服务费
2024-06-03,4633.3,新客户,POS机,销售收入
2024-06-03,5798.52,合作伙伴,银行转账,销售收入
2024-06-03,6307.69,合作伙伴,POS机,广告收入
2024-06-03,9529.19,新客户,微信,服务费
2024-06-03,10235.83,老客户,银行转账,广告收入
2024-06-04,9887.49,合作伙伴,银行转账,销售收入
2024-06-04,4229.62,合作伙伴,POS机,广告收入
2024-06-04,10749.12,新客户,支付宝,广告收入
2024-06-04,4064.61,新客户,微信,广告收入
2024-06-04,9594.88,合作伙伴,银行转账,平台分成
2024-06-04,9169.49,合作伙伴,微信,平台分成
2024-06-05,9840.31,合作伙伴,银行转账,广告收入
2024-06-05,7623.67,合作伙伴,微信,服务费
2024-06-05,5586.11,新客户,微信,服务费
2024-06-05,12485.7,合作伙伴,银行转账,广告收入
2024-06-05,9451.72,合作伙伴,银行转账,广告收入
2024-06-05,12057.3,老客户,POS机,平台分成
2024-06-05,10059.33,老客户,银行转账,销售收入
2024-06-06,8642.79,老客户,POS机,平台分成
2024-06-06,8786.28,老客户,微信,广告收入
2024-06-06,7226.78,新客户,银行转账,销售收入
2024-06-06,9682.81,老客户,微信,销售收入
2024-06-06,8740.3,老客户,微信,服务费
2024-06-06,8652.64,新客户,微信,平台分成
2024-06-06,7011.21,合作伙伴,POS机,广告收入
2024-06-06,7277.16,新客户,支付宝,服务费
2024-06-06,8643.88,老客户,POS机,广告收入
2024-06-07,7813.89,新客户,微信,销售收入
2024-06-07,8150.58,合作伙伴,支付宝,销售收入
2024-06-07,14158.11,新客户,POS机,销售收入
2024-06-07,6563.23,老客户,POS机,服务费
2024-06-07,6946.25,合作伙伴,支付宝,服务费
2024-06-07,7464.19,合作伙伴,银行转账,平台分成
2024-06-08,6277.01,老客户,POS机,平台分成
2024-06-08,11045.13,新客户,POS机,销售收入
2024-06-08,7026.35,合作伙伴,POS机,平台分成
2024-06-08,9974.18,合作伙伴,POS机,服务费
2024-06-08,9078.72,老客户,微信,广告收入
2024-06-08,6659.6,新客户,微信,销售收入
2024-06-08,10741.32,合作伙伴,POS机,平台分成
2024-06-08,9204.95,新客户,银行转账,平台分成
2024-06-08,10316.14,合作伙伴,微信,平台分成
2024-06-09,10033.79,新客户,支付宝,服务费
2024-06-09,4922.84,新客户,POS机,平台分成
2024-06-09,10501.21,新客户,微信,销售收入
2024-06-09,8381.05,合作伙伴,微信,服务费
2024-06-09,8271.78,新客户,支付宝,服务费
2024-06-09,8264.41,合作伙伴,POS机,销售收入
2024-06-10,8565.72,老客户,微信,销售收入
2024-06-10,10118.5,新客户,微信,销售收入
2024-06-10,5536.55,老客户,支付宝,广告收入
2024-06-10,5265.15,新客户,POS机,销售收入
2024-06-10,4674.81,合作伙伴,POS机,广告收入
2024-06-10,7936.78,新客户,银行转账,服务费
2024-06-10,7386.53,老客户,微信,平台分成
2024-06-10,6115.66,老客户,支付宝,平台分成
2024-06-11,10276.28,老客户,微信,销售收入
2024-06-11,7925.69,新客户,支付宝,服务费
2024-06-11,10125.3,新客户,POS机,服务费
2024-06-11,8985.85,合作伙伴,微信,服务费
2024-06-11,5322.77,老客户,POS机,销售收入
2024-06-11,9206.18,新客户,支付宝,平台分成
2024-06-11,7689.67,合作伙伴,银行转账,广告收入
2024-06-11,9850.85,新客户,POS机,服务费
2024-06-11,5883.02,新客户,微信,服务费
2024-06-12,4212.88,老客户,POS机,销售收入
2024-06-12,10740.82,老客户,微信,服务费
2024-06-12,7161.47,合作伙伴,支付宝,平台分成
2024-06-12,4735.76,老客户,支付宝,平台分成
2024-06-12,6123.1,新客户,银行转账,销售收入
2024-06-12,5602.48,老客户,银行转账,广告收入
2024-06-12,11455.01,合作伙伴,支付宝,平台分成
2024-06-13,6167.62,新客户,微信,服务费
2024-06-13,8488.37,新客户,银行转账,服务费
2024-06-13,10385.0,合作伙伴,POS机,广告收入
2024-06-13,9628.48,老客户,微信,平台分成
2024-06-13,12723.87,新客户,微信,平台分成
2024-06-14,6310.49,老客户,银行转账,平台分成
2024-06-14,6968.1,老客户,支付宝,广告收入
2024-06-14,9489.11,合作伙伴,支付宝,服务费
2024-06-14,10415.98,新客户,POS机,广告收入
2024-06-14,6722.64,老客户,POS机,销售收入
2024-06-14,7063.7,合作伙伴,微信,服务费
2024-06-14,4771.96,新客户,POS机,平台分成
2024-06-14,2937.14,合作伙伴,银行转账,广告收入
2024-06-14,8466.14,老客户,POS机,广告收入
2024-06-14,6168.27,合作伙伴,支付宝,广告收入
2024-06-15,6554.31,新客户,POS机,销售收入
2024-06-15,7164.38,老客户,支付宝,平台分成
2024-06-15,7205.38,新客户,POS机,服务费
2024-06-15,8459.64,合作伙伴,银行转账,服务费
2024-06-15,9444.74,新客户,微信,平台分成
2024-06-16,4201.58,合作伙伴,POS机,销售收入
2024-06-16,6789.41,新客户,支付宝,销售收入
2024-06-16,7406.52,老客户,支付宝,服务费
2024-06-16,12680.01,合作伙伴,银行转账,服务费
2024-06-16,7368.58,老客户,微信,平台分成
2024-06-16,4880.54,新客户,支付宝,服务费
2024-06-16,7678.97,合作伙伴,支付宝,平台分成
2024-06-16,6835.84,新客户,POS机,服务费
2024-06-16,5546.23,合作伙伴,POS机,平台分成
2024-06-17,9155.26,合作伙伴,POS机,服务费
2024-06-17,3256.56,新客户,POS机,销售收入
2024-06-17,11201.35,合作伙伴,银行转账,广告收入
2024-06-17,7620.54,老客户,银行转账,广告收入
2024-06-17,9470.79,新客户,POS机,销售收入
2024-06-18,8702.48,老客户,银行转账,服务费
2024-06-18,6443.25,老客户,银行转账,平台分成
2024-06-18,6444.41,老客户,银行转账,销售收入
2024-06-18,7111.28,新客户,微信,服务费
2024-06-18,10032.16,老客户,银行转账,销售收入
2024-06-18,9574.07,合作伙伴,银行转账,销售收入
2024-06-18,6461.89,合作伙伴,银行转账,服务费
2024-06-18,8957.0,合作伙伴,POS机,平台分成
2024-06-19,9911.2,新客户,微信,广告收入
2024-06-19,5222.09,老客户,银行转账,销售收入
2024-06-19,7185.07,老客户,银行转账,销售收入
2024-06-19,16134.96,合作伙伴,微信,销售收入
2024-06-19,6971.77,老客户,POS机,广告收入
2024-06-19,10460.06,合作伙伴,POS机,平台分成
2024-06-19,5954.45,新客户,微信,服务费
2024-06-19,13230.97,新客户,微信,服务费
2024-06-19,12534.17,新客户,微信,平台分成
2024-06-20,9011.46,新客户,POS机,销售收入
2024-06-20,7353.96,老客户,POS机,销售收入
2024-06-20,10958.71,合作伙伴,支付宝,平台分成
2024-06-20,8110.88,合作伙伴,支付宝,服务费
2024-06-20,5059.68,新客户,POS机,销售收入
2024-06-20,7206.58,新客户,微信,销售收入
2024-06-21,9146.1,老客户,POS机,服务费
2024-06-21,2907.31,合作伙伴,支付宝,广告收入
2024-06-21,11925.08,合作伙伴,支付宝,销售收入
2024-06-21,7953.72,新客户,支付宝,广告收入
2024-06-21,7278.35,合作伙伴,银行转账,销售收入
2024-06-21,5239.45,合作伙伴,银行转账,服务费
2024-06-21,9903.93,新客户,银行转账,服务费
2024-06-21,1589.15,新客户,支付宝,服务费
2024-06-22,10856.81,合作伙伴,银行转账,销售收入
2024-06-22,7579.82,新客户,微信,平台分成
2024-06-22,8712.94,新客户,微信,销售收入
2024-06-22,6920.14,老客户,银行转账,平台分成
2024-06-22,12649.92,合作伙伴,微信,销售收入
2024-06-22,7641.79,新客户,POS机,服务费
2024-06-22,6498.49,老客户,支付宝,服务费
2024-06-22,10581.5,新客户,POS机,销售收入
2024-06-22,3474.67,合作伙伴,POS机,平台分成
2024-06-23,6386.69,新客户,银行转账,销售收入
2024-06-23,3998.47,合作伙伴,支付宝,销售收入
2024-06-23,7693.03,合作伙伴,银行转账,销售收入
2024-06-23,9622.23,老客户,支付宝,服务费
2024-06-23,8355.13,合作伙伴,银行转账,服务费
2024-06-24,10592.9,新客户,支付宝,平台分成
2024-06-24,3717.16,合作伙伴,支付宝,广告收入
2024-06-24,11384.68,新客户,银行转账,销售收入
2024-06-24,1869.34,新客户,银行转账,服务费
2024-06-24,5746.77,老客户,微信,服务费
2024-06-25,12097.15,新客户,微信,广告收入
2024-06-25,8563.09,新客户,银行转账,销售收入
2024-06-25,6389.31,老客户,银行转账,销售收入
2024-06-25,11389.93,新客户,支付宝,广告收入
2024-06-25,5819.74,新客户,银行转账,服务费
2024-06-26,6322.44,合作伙伴,POS机,服务费
2024-06-26,7995.91,老客户,支付宝,广告收入
2024-06-26,6934.92,老客户,微信,服务费
2024-06-26,6591.85,合作伙伴,微信,销售收入
2024-06-26,14348.14,老客户,银行转账,平台分成
2024-06-26,8507.78,老客户,支付宝,平台分成
2024-06-27,8123.93,合作伙伴,微信,广告收入
2024-06-27,7326.48,新客户,支付宝,服务费
2024-06-27,9793.86,老客户,微信,广告收入
2024-06-27,12764.77,老客户,银行转账,服务费
2024-06-27,8569.01,老客户,银行转账,销售收入
2024-06-27,7296.54,老客户,支付宝,销售收入
2024-06-27,3838.27,新客户,支付宝,平台分成
2024-06-27,4738.83,合作伙伴,微信,销售收入
2024-06-27,9674.18,合作伙伴,微信,服务费
2024-06-27,5246.87,新客户,POS机,广告收入
2024-06-28,9219.18,新客户,微信,服务费
2024-06-28,6883.29,新客户,微信,销售收入
2024-06-28,6810.82,老客户,支付宝,销售收入
2024-06-28,8127.11,新客户,银行转账,服务费
2024-06-28,6778.4,老客户,支付宝,平台分成
2024-06-28,7063.35,新客户,微信,平台分成
2024-06-28,5953.31,合作伙伴,银行转账,销售收入
2024-06-29,10128.39,合作伙伴,银行转账,销售收入
2024-06-29,6449.09,合作伙伴,POS机,广告收入
2024-06-29,7312.37,合作伙伴,支付宝,平台分成
2024-06-29,2245.2,老客户,POS机,销售收入
2024-06-29,9000.55,老客户,微信,广告收入
2024-06-29,6038.72,新客户,微信,平台分成
2024-06-29,11809.47,新客户,微信,广告收入
2024-06-29,1858.13,老客户,银行转账,广告收入
2024-06-29,5346.84,老客户,支付宝,服务费
2024-06-29,6364.07,新客户,银行转账,销售收入
2024-06-30,2558.3,新客户,银行转账,平台分成
2024-06-30,7022.41,合作伙伴,微信,平台分成
2024-06-30,11807.81,合作伙伴,银行转账,平台分成
2024-06-30,9347.28,新客户,银行转账,平台分成
2024-06-30,8564.99,合作伙伴,微信,销售收入
2024-06-30,10099.37,新客户,支付宝,销售收入
2024-06-30,7096.44,老客户,支付宝,广告收入
2024-06-30,7403.77,老客户,POS机,广告收入
2024-07-01,5928.54,新客户,微信,广告收入
2024-07-01,6637.08,合作伙伴,微信,广告收入
2024-07-01,8676.14,老客户,微信,平台分成
2024-07-01,7874.4,合作伙伴,POS机,服务费
2024-07-01,12487.91,新客户,支付宝,平台分成
2024-07-01,7813.73,合作伙伴,微信,服务费
2024-07-01,11104.93,老客户,银行转账,平台分成
2024-07-01,7785.59,合作伙伴,支付宝,服务费
2024-07-01,3931.14,新客户,微信,平台分成
2024-07-01,8120.21,老客户,支付宝,销售收入
2024-07-02,7834.8,合作伙伴,微信,销售收入
2024-07-02,4972.46,老客户,支付宝,服务费
2024-07-02,6495.08,新客户,银行转账,销售收入
2024-07-02,9900.63,合作伙伴,银行转账,广告收入
2024-07-02,1820.89,合作伙伴,支付宝,销售收入
2024-07-02,6007.76,老客户,银行转账,服务费
2024-07-02,8424.32,合作伙伴,POS机,广告收入
2024-07-02,8223.48,老客户,银行转账,服务费
2024-07-02,7700.37,新客户,银行转账,平台分成
2024-07-02,8284.32,老客户,POS机,广告收入
2024-07-03,6565.62,老客户,支付宝,平台分成
2024-07-03,6298.14,新客户,POS机,销售收入
2024-07-03,12273.23,合作伙伴,POS机,服务费
2024-07-03,10062.25,合作伙伴,支付宝,销售收入
2024-07-03,10628.98,新客户,微信,销售收入
2024-07-03,5891.14,新客户,银行转账,广告收入
2024-07-03,10073.51,合作伙伴,POS机,广告收入
2024-07-03,2472.16,老客户,微信,平台分成
2024-07-03,11036.81,合作伙伴,支付宝,广告收入
2024-07-04,5797.84,老客户,银行转账,广告收入
2024-07-04,10070.38,合作伙伴,微信,销售收入
2024-07-04,10524.74,老客户,支付宝,平台分成
2024-07-04,9197.45,老客户,银行转账,平台分成
2024-07-04,8834.16,合作伙伴,银行转账,广告收入
2024-07-04,11217.44,新客户,银行转账,广告收入
2024-07-04,6888.41,新客户,POS机,平台分成
2024-07-04,8068.16,老客户,POS机,广告收入
2024-07-04,7662.25,新客户,微信,服务费
2024-07-05,7720.07,合作伙伴,支付宝,广告收入
2024-07-05,8816.06,老客户,支付宝,广告收入
2024-07-05,8699.92,老客户,支付宝,销售收入
2024-07-05,5186.28,合作伙伴,银行转账,服务费
2024-07-05,12455.41,新客户,POS机,服务费
2024-07-05,9475.69,老客户,微信,销售收入
2024-07-05,12705.06,合作伙伴,支付宝,销售收入
2024-07-06,11363.55,新客户,POS机,平台分成
2024-07-06,6431.45,老客户,POS机,广告收入
2024-07-06,6761.53,新客户,银行转账,广告收入
2024-07-06,5363.41,新客户,微信,广告收入
2024-07-06,6176.31,新客户,银行转账,销售收入
2024-07-06,9540.54,新客户,支付宝,广告收入
2024-07-06,6423.97,新客户,微信,平台分成
2024-07-06,7425.3,合作伙伴,支付宝,平台分成
2024-07-06,9570.35,新客户,微信,服务费
2024-07-06,7351.02,老客户,微信,服务费
2024-07-07,4242.14,老客户,微信,销售收入
2024-07-07,7422.66,合作伙伴,微信,平台分成
2024-07-07,9740.52,老客户,支付宝,销售收入
2024-07-07,9113.5,新客户,银行转账,服务费
2024-07-07,8035.53,老客户,支付宝,服务费
2024-07-08,6554.22,新客户,POS机,平台分成
2024-07-08,5723.61,合作伙伴,微信,广告收入
2024-07-08,6582.09,新客户,支付宝,销售收入
2024-07-08,10822.22,新客户,银行转账,平台分成
2024-07-08,8757.76,老客户,银行转账,广告收入
2024-07-08,10916.25,老客户,微信,平台分成
2024-07-08,4163.3,老客户,支付宝,广告收入
2024-07-08,14990.08,新客户,微信,服务费
2024-07-08,4481.22,老客户,支付宝,服务费
2024-07-09,6055.46,合作伙伴,微信,服务费
2024-07-09,11055.51,合作伙伴,微信,广告收入
2024-07-09,2564.19,新客户,微信,服务费
2024-07-09,8246.86,合作伙伴,微信,销售收入
2024-07-09,7674.14,合作伙伴,POS机,服务费
2024-07-10,11124.51,新客户,POS机,平台分成
2024-07-10,9050.81,老客户,银行转账,广告收入
2024-07-10,6491.41,合作伙伴,支付宝,销售收入
2024-07-10,7357.19,新客户,微信,广告收入
2024-07-10,11418.43,合作伙伴,银行转账,销售收入
2024-07-10,10395.63,合作伙伴,POS机,平台分成
2024-07-11,7176.67,新客户,POS机,销售收入
2024-07-11,7757.93,老客户,支付宝,销售收入
2024-07-11,3616.33,老客户,POS机,平台分成
2024-07-11,6637.69,新客户,POS机,平台分成
2024-07-11,8711.18,新客户,微信,平台分成
2024-07-11,8096.38,新客户,微信,平台分成
2024-07-12,13388.1,新客户,微信,平台分成
2024-07-12,9680.64,合作伙伴,支付宝,平台分成
2024-07-12,8046.08,老客户,银行转账,广告收入
2024-07-12,8868.95,合作伙伴,银行转账,平台分成
2024-07-12,3926.02,新客户,银行转账,销售收入
2024-07-13,9379.66,合作伙伴,支付宝,销售收入
2024-07-13,12051.33,新客户,银行转账,广告收入
2024-07-13,11926.24,新客户,支付宝,销售收入
2024-07-13,3397.81,老客户,支付宝,服务费
2024-07-13,4801.06,老客户,支付宝,广告收入
2024-07-13,7437.49,新客户,POS机,广告收入
2024-07-13,11018.98,合作伙伴,微信,平台分成
2024-07-13,13203.29,老客户,支付宝,销售收入
2024-07-13,7238.62,新客户,POS机,平台分成
2024-07-13,6560.91,合作伙伴,支付宝,销售收入
2024-07-14,8305.02,新客户,支付宝,平台分成
2024-07-14,2701.61,新客户,POS机,销售收入
2024-07-14,7122.84,新客户,银行转账,广告收入
2024-07-14,5638.27,合作伙伴,微信,平台分成
2024-07-14,13757.28,合作伙伴,银行转账,平台分成
2024-07-14,10464.31,新客户,银行转账,销售收入
2024-07-14,6513.84,新客户,支付宝,广告收入
2024-07-15,8444.25,合作伙伴,POS机,服务费
2024-07-15,4661.64,新客户,微信,销售收入
2024-07-15,11215.67,新客户,支付宝,平台分成
2024-07-15,10655.52,合作伙伴,银行转账,广告收入
2024-07-15,10046.21,合作伙伴,支付宝,销售收入
2024-07-16,8334.62,老客户,微信,广告收入
2024-07-16,7901.11,合作伙伴,支付宝,广告收入
2024-07-16,9703.75,合作伙伴,支付宝,平台分成
2024-07-16,11369.64,合作伙伴,POS机,服务费
2024-07-16,11243.52,新客户,POS机,平台分成
2024-07-17,5393.79,合作伙伴,微信,服务费
2024-07-17,11194.82,合作伙伴,微信,服务费
2024-07-17,11617.44,新客户,银行转账,平台分成
2024-07-17,8491.39,新客户,银行转账,平台分成
2024-07-17,7454.74,老客户,微信,平台分成
2024-07-17,10489.64,合作伙伴,支付宝,广告收入
2024-07-17,6905.84,合作伙伴,POS机,广告收入
2024-07-18,5034.16,新客户,POS机,平台分成
2024-07-18,14494.26,合作伙伴,POS机,销售收入
2024-07-18,6374.07,老客户,支付宝,销售收入
2024-07-18,8717.43,老客户,银行转账,销售收入
2024-07-18,2786.96,新客户,微信,平台分成
2024-07-18,9965.44,老客户,支付宝,销售收入
2024-07-18,6869.18,新客户,银行转账,销售收入
2024-07-18,7913.29,新客户,银行转账,服务费
2024-07-18,8585.54,合作伙伴,POS机,平台分成
2024-07-18,6378.62,老客户,POS机,广告收入
2024-07-19,10004.64,合作伙伴,POS机,平台分成
2024-07-19,5193.19,合作伙伴,POS机,服务费
2024-07-19,8956.02,新客户,POS机,广告收入
2024-07-19,9545.35,老客户,支付宝,广告收入
2024-07-19,6740.74,新客户,支付宝,平台分成
2024-07-19,9171.41,合作伙伴,支付宝,广告收入
2024-07-19,9270.47,新客户,银行转账,广告收入
2024-07-19,9578.62,老客户,微信,广告收入
2024-07-19,14134.61,老客户,支付宝,平台分成
2024-07-19,13589.19,合作伙伴,银行转账,销售收入
2024-07-20,6335.15,老客户,POS机,销售收入
2024-07-20,6468.03,合作伙伴,银行转账,销售收入
2024-07-20,7030.75,老客户,支付宝,销售收入
2024-07-20,9266.84,合作伙伴,微信,平台分成
2024-07-20,7498.22,合作伙伴,POS机,平台分成
2024-07-21,7917.18,新客户,支付宝,服务费
2024-07-21,12486.39,新客户,POS机,服务费
2024-07-21,300.0,合作伙伴,银行转账,平台分成
2024-07-21,5824.44,老客户,微信,服务费
2024-07-21,3901.51,合作伙伴,支付宝,服务费
2024-07-21,9156.37,新客户,POS机,广告收入
2024-07-21,9014.04,新客户,微信,销售收入
2024-07-22,9787.52,合作伙伴,支付宝,广告收入
2024-07-22,6377.02,新客户,微信,平台分成
2024-07-22,9201.41,合作伙伴,银行转账,广告收入
2024-07-22,7582.2,新客户,微信,平台分成
2024-07-22,8366.78,合作伙伴,微信,平台分成
2024-07-22,9045.63,合作伙伴,银行转账,平台分成
2024-07-22,9001.03,新客户,POS机,平台分成
2024-07-22,9631.34,合作伙伴,POS机,平台分成
2024-07-22,3268.64,新客户,POS机,广告收入
2024-07-23,10965.97,合作伙伴,POS机,平台分成
2024-07-23,7409.12,新客户,银行转账,平台分成
2024-07-23,8438.86,合作伙伴,支付宝,服务费
2024-07-23,9021.28,老客户,银行转账,销售收入
2024-07-23,3475.1,合作伙伴,支付宝,平台分成
2024-07-23,10412.54,老客户,支付宝,服务费
2024-07-23,6533.63,合作伙伴,微信,服务费
2024-07-23,12777.01,合作伙伴,银行转账,销售收入
2024-07-23,11913.81,合作伙伴,支付宝,平台分成
2024-07-23,7835.62,老客户,支付宝,平台分成
2024-07-24,8222.38,新客户,银行转账,广告收入
2024-07-24,10914.78,老客户,POS机,广告收入
2024-07-24,10804.63,合作伙伴,微信,销售收入
2024-07-24,11276.36,新客户,支付宝,销售收入
2024-07-24,3383.07,老客户,支付宝,广告收入
2024-07-24,6583.33,新客户,支付宝,广告收入
2024-07-24,8185.52,老客户,POS机,广告收入
2024-07-24,7426.49,合作伙伴,POS机,服务费
2024-07-24,6952.7,新客户,银行转账,服务费
2024-07-25,6795.57,老客户,支付宝,服务费
2024-07-25,9284.59,合作伙伴,支付宝,服务费
2024-07-25,7357.97,合作伙伴,支付宝,销售收入
2024-07-25,4434.69,老客户,银行转账,服务费
2024-07-25,9515.41,合作伙伴,银行转账,平台分成
2024-07-25,4021.49,合作伙伴,POS机,服务费
2024-07-25,9411.75,新客户,银行转账,服务费
2024-07-26,7567.41,合作伙伴,支付宝,广告收入
2024-07-26,6279.6,合作伙伴,支付宝,销售收入
2024-07-26,8644.99,新客户,微信,销售收入
2024-07-26,9172.79,新客户,POS机,平台分成
2024-07-26,7990.99,新客户,支付宝,平台分成
2024-07-26,5104.09,老客户,POS机,服务费
2024-07-26,8156.26,新客户,银行转账,平台分成
2024-07-26,6048.81,新客户,银行转账,服务费
2024-07-26,4536.57,合作伙伴,支付宝,平台分成
2024-07-27,5231.7,老客户,支付宝,广告收入
2024-07-27,6766.34,合作伙伴,银行转账,销售收入
2024-07-27,6887.54,合作伙伴,微信,平台分成
2024-07-27,12254.24,新客户,微信,平台分成
2024-07-27,11457.86,老客户,POS机,服务费
2024-07-27,6551.34,合作伙伴,微信,广告收入
2024-07-27,10722.52,老客户,微信,平台分成
2024-07-27,7747.94,新客户,微信,服务费
2024-07-27,11746.41,老客户,支付宝,广告收入
2024-07-27,9625.7,新客户,POS机,销售收入
2024-07-28,11918.38,老客户,微信,广告收入
2024-07-28,9307.09,合作伙伴,微信,服务费
2024-07-28,6565.75,老客户,支付宝,平台分成
2024-07-28,4721.95,新客户,POS机,广告收入
2024-07-28,10996.11,老客户,微信,广告收入
2024-07-28,6744.36,合作伙伴,微信,销售收入
2024-07-28,8528.99,新客户,微信,平台分成
2024-07-28,7770.6,新客户,POS机,服务费
2024-07-28,9256.97,老客户,POS机,服务费
2024-07-29,4095.48,老客户,银行转账,服务费
2024-07-29,13004.34,老客户,POS机,广告收入
2024-07-29,7568.43,合作伙伴,支付宝,广告收入
2024-07-29,10209.15,老客户,支付宝,销售收入
2024-07-29,9332.15,新客户,POS机,广告收入
2024-07-29,4865.48,合作伙伴,银行转账,平台分成
2024-07-29,9235.08,老客户,微信,服务费
2024-07-29,8651.68,老客户,支付宝,平台分成
2024-07-30,7936.11,老客户,支付宝,服务费
2024-07-30,10931.82,合作伙伴,银行转账,平台分成
2024-07-30,2413.93,合作伙伴,支付宝,平台分成
2024-07-30,8588.0,合作伙伴,银行转账,销售收入
2024-07-30,4763.3,新客户,POS机,广告收入
2024-07-30,10902.07,合作伙伴,微信,广告收入
2024-07-30,7623.95,老客户,POS机,销售收入
2024-07-30,10488.87,老客户,支付宝,销售收入
2024-07-30,4108.55,新客户,微信,销售收入
2024-07-31,6929.71,新客户,POS机,广告收入
2024-07-31,10117.7,新客户,银行转账,销售收入
2024-07-31,11056.25,合作伙伴,POS机,广告收入
2024-07-31,11960.01,老客户,POS机,平台分成
2024-07-31,13769.48,新客户,支付宝,广告收入
2024-07-31,4906.65,新客户,银行转账,广告收入
2024-07-31,9573.12,新客户,银行转账,销售收入
2024-07-31,12289.39,新客户,POS机,平台分成
2024-07-31,9929.7,合作伙伴,POS机,广告收入
2024-07-31,8169.38,合作伙伴,POS机,广告收入
2024-08-01,9000.29,老客户,微信,服务费
2024-08-01,6168.29,新客户,银行转账,广告收入
2024-08-01,9263.57,新客户,POS机,服务费
2024-08-01,10012.98,老客户,微信,广告收入
2024-08-01,4952.57,老客户,支付宝,平台分成
2024-08-01,9671.17,新客户,微信,服务费
2024-08-02,6707.76,新客户,POS机,平台分成
2024-08-02,8451.61,老客户,微信,销售收入
2024-08-02,9879.35,新客户,POS机,销售收入
2024-08-02,8756.59,老客户,支付宝,广告收入
2024-08-02,6114.31,新客户,银行转账,销售收入
2024-08-02,7345.08,老客户,微信,销售收入
2024-08-02,6730.8,老客户,支付宝,服务费
2024-08-03,10253.69,新客户,银行转账,广告收入
2024-08-03,7652.84,新客户,微信,广告收入
2024-08-03,4327.3,新客户,微信,销售收入
2024-08-03,5752.1,新客户,微信,服务费
2024-08-03,10928.95,新客户,微信,销售收入
2024-08-03,13070.89,新客户,银行转账,服务费
2024-08-03,4767.14,合作伙伴,支付宝,广告收入
2024-08-03,6497.57,老客户,POS机,平台分成
2024-08-03,6279.62,新客户,微信,平台分成
2024-08-03,13631.09,老客户,POS机,平台分成
2024-08-04,4526.07,合作伙伴,银行转账,服务费
2024-08-04,3886.5,合作伙伴,POS机,广告收入
2024-08-04,9699.93,合作伙伴,支付宝,广告收入
2024-08-04,9438.67,新客户,银行转账,广告收入
2024-08-04,10291.57,合作伙伴,银行转账,销售收入
2024-08-04,7600.63,合作伙伴,POS机,广告收入
2024-08-04,6115.09,新客户,银行转账,服务费
2024-08-04,7298.31,合作伙伴,支付宝,销售收入
2024-08-05,3219.74,老客户,POS机,平台分成
2024-08-05,8992.1,新客户,支付宝,销售收入
2024-08-05,5543.78,合作伙伴,微信,广告收入
2024-08-05,7438.42,老客户,POS机,广告收入
2024-08-05,12616.57,新客户,POS机,平台分成
2024-08-05,8555.71,老客户,银行转账,服务费
2024-08-05,7950.91,老客户,微信,销售收入
2024-08-05,9381.22,新客户,POS机,平台分成
2024-08-06,14365.12,新客户,支付宝,广告收入
2024-08-06,9032.64,老客户,支付宝,销售收入
2024-08-06,4890.34,老客户,银行转账,服务费
2024-08-06,6267.74,合作伙伴,微信,平台分成
2024-08-06,9466.7,新客户,支付宝,广告收入
2024-08-06,9702.52,新客户,支付宝,广告收入
2024-08-06,9257.0,合作伙伴,银行转账,销售收入
2024-08-07,7098.71,新客户,支付宝,广告收入
2024-08-07,6249.13,老客户,微信,销售收入
2024-08-07,6392.5,新客户,支付宝,销售收入
2024-08-07,9667.45,合作伙伴,支付宝,平台分成
2024-08-07,4126.17,新客户,支付宝,广告收入
2024-08-08,9422.46,新客户,微信,平台分成
2024-08-08,12070.99,新客户,POS机,销售收入
2024-08-08,3921.25,合作伙伴,银行转账,平台分成
2024-08-08,11952.39,合作伙伴,银行转账,服务费
2024-08-08,11096.37,新客户,POS机,服务费
2024-08-09,7462.67,新客户,POS机,服务费
2024-08-09,8827.2,新客户,支付宝,平台分成
2024-08-09,10083.82,老客户,微信,平台分成
2024-08-09,7641.22,新客户,支付宝,广告收入
2024-08-09,6678.34,合作伙伴,支付宝,平台分成
2024-08-09,10171.11,新客户,支付宝,销售收入
2024-08-09,3509.93,合作伙伴,银行转账,广告收入
2024-08-10,7182.91,新客户,支付宝,广告收入
2024-08-10,5025.6,新客户,POS机,服务费
2024-08-10,10728.28,老客户,POS机,销售收入
2024-08-10,9522.85,合作伙伴,微信,服务费
2024-08-10,6116.75,新客户,支付宝,服务费
2024-08-11,9973.29,老客户,支付宝,服务费
2024-08-11,6681.33,老客户,POS机,服务费
2024-08-11,8904.19,新客户,支付宝,平台分成
2024-08-11,7272.98,老客户,银行转账,销售收入
2024-08-11,6980.44,老客户,银行转账,广告收入
2024-08-11,8150.07,老客户,微信,广告收入
2024-08-11,3972.89,老客户,支付宝,广告收入
2024-08-11,9122.53,老客户,微信,服务费
2024-08-11,6673.73,老客户,银行转账,服务费
2024-08-11,6903.53,老客户,POS机,平台分成
2024-08-12,10915.76,合作伙伴,支付宝,服务费
2024-08-12,9445.29,新客户,微信,广告收入
2024-08-12,6693.99,合作伙伴,支付宝,平台分成
2024-08-12,9780.68,新客户,支付宝,销售收入
2024-08-12,8300.56,新客户,支付宝,服务费
2024-08-12,5441.45,老客户,POS机,平台分成
2024-08-12,8754.31,合作伙伴,银行转账,广告收入
2024-08-12,5337.22,老客户,银行转账,服务费
2024-08-12,7236.94,老客户,银行转账,服务费
2024-08-12,9269.39,新客户,POS机,广告收入
2024-08-13,8134.97,老客户,POS机,销售收入
2024-08-13,8708.25,合作伙伴,银行转账,平台分成
2024-08-13,6016.8,合作伙伴,支付宝,广告收入
2024-08-13,10859.97,老客户,支付宝,销售收入
2024-08-13,2961.0,老客户,支付宝,广告收入
2024-08-13,9614.79,新客户,微信,广告收入
2024-08-13,11435.77,新客户,微信,广告收入
2024-08-13,6075.58,新客户,POS机,服务费
2024-08-13,6598.86,合作伙伴,POS机,服务费
2024-08-13,9092.35,新客户,POS机,服务费
2024-08-14,10976.62,老客户,POS机,广告收入
2024-08-14,10192.7,老客户,微信,服务费
2024-08-14,9683.91,合作伙伴,银行转账,广告收入
2024-08-14,3140.03,新客户,微信,销售收入
2024-08-14,14749.29,新客户,支付宝,平台分成
2024-08-14,6582.02,老客户,银行转账,平台分成
2024-08-14,7026.46,新客户,微信,平台分成
2024-08-14,5516.36,新客户,银行转账,销售收入
2024-08-15,9448.5,老客户,支付宝,销售收入
2024-08-15,7961.73,新客户,微信,服务费
2024-08-15,9448.23,合作伙伴,微信,销售收入
2024-08-15,5017.35,老客户,POS机,服务费
2024-08-15,7899.78,新客户,微信,销售收入
2024-08-15,5812.95,老客户,银行转账,销售收入
2024-08-15,2309.07,新客户,银行转账,服务费
2024-08-15,6327.32,老客户,银行转账,服务费
2024-08-15,10599.76,新客户,POS机,销售收入
2024-08-16,7780.9,新客户,POS机,服务费
2024-08-16,8381.79,合作伙伴,微信,平台分成
2024-08-16,5628.2,合作伙伴,银行转账,销售收入
2024-08-16,2595.39,合作伙伴,POS机,服务费
2024-08-16,7924.71,新客户,POS机,服务费
2024-08-16,8648.05,合作伙伴,银行转账,广告收入
2024-08-17,5993.77,合作伙伴,支付宝,服务费
2024-08-17,11247.03,合作伙伴,微信,广告收入
2024-08-17,6472.78,新客户,支付宝,销售收入
2024-08-17,10986.33,老客户,支付宝,服务费
2024-08-17,7685.15,新客户,微信,广告收入
2024-08-18,6206.29,老客户,银行转账,广告收入
2024-08-18,7193.3,老客户,支付宝,销售收入
2024-08-18,7372.92,新客户,银行转账,平台分成
2024-08-18,10405.5,新客户,支付宝,服务费
2024-08-18,7867.85,合作伙伴,POS机,服务费
2024-08-19,11639.05,老客户,微信,广告收入
2024-08-19,12498.18,合作伙伴,支付宝,销售收入
2024-08-19,5387.98,老客户,POS机,销售收入
2024-08-19,3084.11,老客户,支付宝,服务费
2024-08-19,6790.47,合作伙伴,POS机,平台分成
2024-08-19,7171.36,新客户,银行转账,广告收入
2024-08-20,8760.32,新客户,银行转账,广告收入
2024-08-20,8664.75,新客户,支付宝,销售收入
2024-08-20,8931.24,合作伙伴,微信,服务费
2024-08-20,11997.81,老客户,支付宝,广告收入
2024-08-20,8736.31,老客户,银行转账,平台分成
2024-08-20,3706.26,新客户,银行转账,广告收入
2024-08-21,6678.46,合作伙伴,微信,服务费
2024-08-21,9465.91,新客户,POS机,平台分成
2024-08-21,13751.03,合作伙伴,POS机,广告收入
2024-08-21,10688.58,合作伙伴,支付宝,广告收入
2024-08-21,9883.35,新客户,微信,服务费
2024-08-21,8952.9,合作伙伴,银行转账,服务费
2024-08-21,7373.83,新客户,银行转账,广告收入
2024-08-21,7950.94,合作伙伴,银行转账,服务费
2024-08-22,4766.16,老客户,银行转账,广告收入
2024-08-22,10694.88,合作伙伴,微信,平台分成
2024-08-22,10991.58,老客户,POS机,平台分成
2024-08-22,6475.54,老客户,支付宝,平台分成
2024-08-22,10067.49,合作伙伴,POS机,服务费
2024-08-22,9994.51,合作伙伴,微信,广告收入
2024-08-23,5957.04,老客户,POS机,服务费
2024-08-23,2764.7,合作伙伴,支付宝,平台分成
2024-08-23,4454.09,合作伙伴,POS机,销售收入
2024-08-23,3597.98,老客户,支付宝,平台分成
2024-08-23,10916.37,新客户,POS机,广告收入
2024-08-23,6567.51,新客户,微信,平台分成
2024-08-23,6655.78,合作伙伴,支付宝,服务费
2024-08-23,8758.61,老客户,POS机,服务费
2024-08-23,10560.16,合作伙伴,微信,销售收入
2024-08-23,9481.32,老客户,微信,广告收入
2024-08-24,10669.0,老客户,支付宝,销售收入
2024-08-24,10120.82,合作伙伴,微信,服务费
2024-08-24,5738.71,合作伙伴,银行转账,销售收入
2024-08-24,7242.27,合作伙伴,支付宝,服务费
2024-08-24,9932.75,新客户,支付宝,销售收入
2024-08-24,10205.54,老客户,银行转账,服务费
2024-08-24,4680.71,老客户,微信,广告收入
2024-08-24,7960.45,合作伙伴,支付宝,广告收入
2024-08-24,12711.47,新客户,银行转账,平台分成
2024-08-24,11858.11,合作伙伴,支付宝,销售收入
2024-08-25,8352.22,合作伙伴,银行转账,销售收入
2024-08-25,3578.9,老客户,微信,广告收入
2024-08-25,10582.41,新客户,银行转账,服务费
2024-08-25,7512.64,新客户,银行转账,平台分成
2024-08-25,8390.95,老客户,支付宝,广告收入
2024-08-25,8829.93,老客户,微信,广告收入
2024-08-25,12153.15,新客户,支付宝,平台分成
2024-08-26,6857.26,新客户,POS机,广告收入
2024-08-26,7865.64,老客户,银行转账,服务费
2024-08-26,10032.39,老客户,POS机,平台分成
2024-08-26,10215.83,老客户,支付宝,广告收入
2024-08-26,6268.35,新客户,支付宝,销售收入
2024-08-26,6205.44,合作伙伴,POS机,服务费
2024-08-26,6789.1,老客户,支付宝,广告收入
2024-08-26,8254.11,合作伙伴,银行转账,广告收入
2024-08-26,5172.43,合作伙伴,支付宝,广告收入
2024-08-26,8167.48,新客户,微信,平台分成
2024-08-27,9289.85,老客户,POS机,销售收入
2024-08-27,9020.86,合作伙伴,银行转账,广告收入
2024-08-27,7988.25,新客户,支付宝,服务费
2024-08-27,4825.78,新客户,银行转账,销售收入
2024-08-27,5316.33,新客户,银行转账,平台分成
2024-08-27,6481.64,合作伙伴,银行转账,平台分成
2024-08-28,12073.31,新客户,银行转账,销售收入
2024-08-28,9072.04,合作伙伴,银行转账,平台分成
2024-08-28,9732.76,新客户,银行转账,平台分成
2024-08-28,7793.38,老客户,银行转账,销售收入
2024-08-28,5927.46,老客户,银行转账,平台分成
2024-08-29,6879.05,合作伙伴,POS机,销售收入
2024-08-29,13025.02,老客户,微信,服务费
2024-08-29,8051.98,合作伙伴,POS机,平台分成
2024-08-29,6179.99,合作伙伴,微信,广告收入
2024-08-29,2667.17,老客户,银行转账,广告收入
2024-08-30,7908.67,老客户,支付宝,广告收入
2024-08-30,8807.7,老客户,支付宝,广告收入
2024-08-30,7369.12,新客户,银行转账,服务费
2024-08-30,10207.77,老客户,银行转账,服务费
2024-08-30,7805.41,老客户,微信,广告收入
2024-08-30,10595.97,合作伙伴,支付宝,广告收入
2024-08-30,9263.56,合作伙伴,银行转账,广告收入
2024-08-30,8283.18,新客户,POS机,服务费
2024-08-31,4404.31,合作伙伴,银行转账,销售收入
2024-08-31,9913.48,老客户,POS机,平台分成
2024-08-31,7520.45,老客户,POS机,服务费
2024-08-31,8950.2,合作伙伴,银行转账,广告收入
2024-08-31,5203.45,合作伙伴,支付宝,服务费
2024-08-31,14359.17,新客户,微信,服务费
2024-08-31,8457.02,合作伙伴,POS机,销售收入
2024-08-31,13156.31,合作伙伴,支付宝,服务费
2024-08-31,5331.17,合作伙伴,银行转账,平台分成
2024-09-01,8662.64,老客户,银行转账,销售收入
2024-09-01,7887.43,老客户,支付宝,平台分成
2024-09-01,5027.47,新客户,微信,销售收入
2024-09-01,7361.87,新客户,微信,服务费
2024-09-01,9449.08,老客户,支付宝,销售收入
2024-09-02,8814.49,新客户,银行转账,销售收入
2024-09-02,8421.15,新客户,微信,广告收入
2024-09-02,11293.99,合作伙伴,支付宝,服务费
2024-09-02,2695.36,老客户,支付宝,广告收入
2024-09-02,6480.45,老客户,POS机,平台分成
2024-09-02,6857.4,老客户,支付宝,销售收入
2024-09-02,7245.29,合作伙伴,银行转账,服务费
2024-09-03,6343.22,合作伙伴,支付宝,销售收入
2024-09-03,2925.82,老客户,微信,销售收入
2024-09-03,7742.44,合作伙伴,微信,广告收入
2024-09-03,11062.83,新客户,银行转账,服务费
2024-09-03,7206.07,合作伙伴,POS机,广告收入
2024-09-03,6311.35,新客户,支付宝,服务费
2024-09-04,7439.36,新客户,支付宝,广告收入
2024-09-04,6514.56,合作伙伴,支付宝,广告收入
2024-09-04,11644.89,新客户,POS机,广告收入
2024-09-04,6710.84,合作伙伴,银行转账,服务费
2024-09-04,4969.78,老客户,银行转账,广告收入
2024-09-04,10085.58,合作伙伴,微信,广告收入
2024-09-04,7668.42,老客户,支付宝,服务费
2024-09-04,5563.68,老客户,银行转账,广告收入
2024-09-05,6661.68,老客户,POS机,平台分成
2024-09-05,7773.67,合作伙伴,支付宝,平台分成
2024-09-05,6911.94,合作伙伴,微信,平台分成
2024-09-05,9876.47,新客户,微信,服务费
2024-09-05,5661.4,新客户,微信,服务费
2024-09-05,10714.96,合作伙伴,微信,服务费
2024-09-05,8848.79,新客户,银行转账,平台分成
2024-09-06,6385.57,新客户,POS机,服务费
2024-09-06,10074.91,合作伙伴,银行转账,销售收入
2024-09-06,6617.91,老客户,微信,平台分成
2024-09-06,6360.91,老客户,POS机,销售收入
2024-09-06,8371.88,老客户,银行转账,平台分成
2024-09-07,11096.58,老客户,POS机,服务费
2024-09-07,8286.78,合作伙伴,微信,服务费
2024-09-07,8883.48,新客户,银行转账,服务费
2024-09-07,11482.9,新客户,POS机,广告收入
2024-09-07,12304.63,新客户,银行转账,销售收入
2024-09-08,7789.35,新客户,微信,平台分成
2024-09-08,8473.95,合作伙伴,银行转账,广告收入
2024-09-08,10502.62,老客户,POS机,服务费
2024-09-08,5198.94,老客户,微信,服务费
2024-09-08,7725.16,老客户,银行转账,服务费
2024-09-08,7806.17,新客户,银行转账,广告收入
2024-09-08,9586.35,合作伙伴,POS机,广告收入
2024-09-08,7093.16,新客户,POS机,广告收入
2024-09-09,6743.5,老客户,POS机,服务费
2024-09-09,11697.7,合作伙伴,银行转账,平台分成
2024-09-09,9527.86,老客户,支付宝,销售收入
2024-09-09,10016.41,老客户,微信,销售收入
2024-09-09,8515.12,新客户,银行转账,销售收入
2024-09-09,4484.21,新客户,微信,服务费
2024-09-09,7792.24,新客户,POS机,销售收入
2024-09-09,10897.54,老客户,银行转账,服务费
2024-09-09,8302.79,新客户,微信,平台分成
2024-09-09,2039.11,老客户,POS机,平台分成
2024-09-10,4397.17,老客户,支付宝,销售收入
2024-09-10,6052.12,新客户,银行转账,服务费
2024-09-10,7514.17,合作伙伴,银行转账,广告收入
2024-09-10,10690.02,合作伙伴,银行转账,平台分成
2024-09-10,8053.28,合作伙伴,微信,销售收入
2024-09-10,11701.42,新客户,POS机,销售收入
2024-09-10,6226.62,新客户,银行转账,服务费
2024-09-11,6792.35,合作伙伴,银行转账,广告收入
2024-09-11,8366.98,合作伙伴,银行转账,服务费
2024-09-11,6229.28,新客户,支付宝,广告收入
2024-09-11,8857.04,老客户,POS机,销售收入
2024-09-11,7472.17,新客户,POS机,销售收入
2024-09-12,5532.05,合作伙伴,支付宝,广告收入
2024-09-12,6684.26,新客户,银行转账,平台分成
2024-09-12,11764.55,合作伙伴,支付宝,广告收入
2024-09-12,8138.94,老客户,微信,销售收入
2024-09-12,14367.08,合作伙伴,银行转账,服务费
2024-09-12,9129.08,老客户,银行转账,销售收入
2024-09-12,5312.75,合作伙伴,支付宝,服务费
2024-09-12,8792.36,新客户,微信,广告收入
2024-09-13,12752.34,老客户,微信,销售收入
2024-09-13,8399.64,新客户,微信,广告收入
2024-09-13,5430.81,新客户,POS机,平台分成
2024-09-13,9177.45,合作伙伴,支付宝,销售收入
2024-09-13,10114.0,新客户,微信,销售收入
2024-09-13,8655.91,老客户,POS机,服务费
2024-09-13,10627.99,合作伙伴,微信,服务费
2024-09-13,11740.02,合作伙伴,微信,服务费
2024-09-13,9143.07,老客户,POS机,广告收入
2024-09-14,7804.32,合作伙伴,POS机,平台分成
2024-09-14,7135.98,新客户,POS机,广告收入
2024-09-14,5588.99,老客户,银行转账,服务费
2024-09-14,6924.61,合作伙伴,支付宝,广告收入
2024-09-14,11184.1,新客户,微信,销售收入
2024-09-15,6754.33,新客户,POS机,服务费
2024-09-15,4914.13,老客户,POS机,销售收入
2024-09-15,6518.84,新客户,微信,销售收入
2024-09-15,8069.88,老客户,银行转账,广告收入
2024-09-15,9045.47,老客户,支付宝,广告收入
2024-09-15,5254.64,老客户,支付宝,广告收入
2024-09-15,7095.47,合作伙伴,银行转账,销售收入
2024-09-15,9402.3,新客户,银行转账,平台分成
2024-09-15,7261.3,新客户,POS机,广告收入
2024-09-15,8598.94,新客户,POS机,销售收入
2024-09-16,10259.81,合作伙伴,银行转账,广告收入
2024-09-16,7954.24,老客户,银行转账,销售收入
2024-09-16,8993.11,新客户,支付宝,广告收入
2024-09-16,6916.85,新客户,支付宝,广告收入
2024-09-16,10549.81,新客户,支付宝,销售收入
2024-09-16,4846.36,合作伙伴,POS机,广告收入
2024-09-16,5837.4,合作伙伴,POS机,销售收入
2024-09-16,5318.14,新客户,微信,广告收入
2024-09-16,8598.12,合作伙伴,支付宝,服务费
2024-09-17,9775.83,老客户,支付宝,销售收入
2024-09-17,10137.77,老客户,POS机,广告收入
2024-09-17,6880.21,新客户,POS机,销售收入
2024-09-17,4810.42,老客户,银行转账,广告收入
2024-09-17,8644.91,合作伙伴,支付宝,平台分成
2024-09-17,5451.1,合作伙伴,银行转账,服务费
2024-09-17,6303.68,新客户,POS机,平台分成
2024-09-18,8189.18,老客户,POS机,销售收入
2024-09-18,8046.95,老客户,POS机,广告收入
2024-09-18,9634.28,老客户,微信,服务费
2024-09-18,5735.67,合作伙伴,POS机,广告收入
2024-09-18,6365.58,合作伙伴,微信,服务费
2024-09-18,14789.87,新客户,微信,平台分成
2024-09-19,7325.7,合作伙伴,支付宝,广告收入
2024-09-19,9036.75,合作伙伴,银行转账,服务费
2024-09-19,11729.8,新客户,微信,服务费
2024-09-19,7512.73,新客户,银行转账,服务费
2024-09-19,10834.43,合作伙伴,POS机,广告收入
2024-09-19,7661.86,合作伙伴,银行转账,平台分成
2024-09-19,10508.92,合作伙伴,银行转账,广告收入
2024-09-20,12892.66,合作伙伴,微信,平台分成
2024-09-20,7396.46,老客户,支付宝,服务费
2024-09-20,5570.86,新客户,支付宝,服务费
2024-09-20,4550.95,老客户,微信,销售收入
2024-09-20,7690.68,新客户,银行转账,广告收入
2024-09-20,7108.82,新客户,银行转账,服务费
2024-09-21,9166.81,合作伙伴,银行转账,平台分成
2024-09-21,9214.91,合作伙伴,微信,销售收入
2024-09-21,5600.43,老客户,POS机,广告收入
2024-09-21,10437.63,合作伙伴,支付宝,广告收入
2024-09-21,13273.61,新客户,银行转账,服务费
2024-09-21,9961.5,新客户,支付宝,销售收入
2024-09-21,6210.21,老客户,支付宝,服务费
2024-09-21,8840.4,老客户,POS机,服务费
2024-09-21,9118.5,合作伙伴,POS机,广告收入
2024-09-22,6111.24,合作伙伴,支付宝,广告收入
2024-09-22,10073.69,合作伙伴,银行转账,销售收入
2024-09-22,7515.43,新客户,微信,销售收入
2024-09-22,8197.24,合作伙伴,银行转账,销售收入
2024-09-22,8057.85,新客户,微信,销售收入
2024-09-22,451.22,老客户,支付宝,服务费
2024-09-22,8459.62,老客户,POS机,平台分成
2024-09-22,4087.72,合作伙伴,银行转账,平台分成
2024-09-23,7457.02,新客户,微信,广告收入
2024-09-23,6152.99,合作伙伴,微信,平台分成
2024-09-23,10224.79,老客户,支付宝,服务费
2024-09-23,6689.78,新客户,POS机,广告收入
2024-09-23,8380.89,合作伙伴,银行转账,销售收入
2024-09-23,6434.52,老客户,POS机,平台分成
2024-09-23,8038.45,合作伙伴,银行转账,服务费
2024-09-23,10062.75,合作伙伴,银行转账,销售收入
2024-09-23,5832.17,合作伙伴,银行转账,广告收入
2024-09-23,10674.02,老客户,POS机,广告收入
2024-09-24,8474.07,合作伙伴,银行转账,销售收入
2024-09-24,9508.22,新客户,微信,销售收入
2024-09-24,7575.91,合作伙伴,支付宝,平台分成
2024-09-24,9845.2,合作伙伴,银行转账,平台分成
2024-09-24,8277.22,合作伙伴,微信,销售收入
2024-09-24,10413.49,合作伙伴,银行转账,销售收入
2024-09-24,11090.33,合作伙伴,POS机,销售收入
2024-09-25,7536.66,新客户,微信,平台分成
2024-09-25,3647.33,新客户,银行转账,平台分成
2024-09-25,8001.32,合作伙伴,银行转账,广告收入
2024-09-25,9503.02,老客户,POS机,服务费
2024-09-25,4488.59,合作伙伴,POS机,销售收入
2024-09-25,4458.76,老客户,银行转账,销售收入
2024-09-25,8816.86,新客户,POS机,销售收入
2024-09-25,8751.19,合作伙伴,支付宝,平台分成
2024-09-25,7317.45,合作伙伴,银行转账,销售收入
2024-09-25,8912.81,老客户,银行转账,销售收入
2024-09-26,5825.84,新客户,POS机,服务费
2024-09-26,10813.59,老客户,POS机,平台分成
2024-09-26,5979.52,合作伙伴,微信,销售收入
2024-09-26,8385.79,新客户,银行转账,平台分成
2024-09-26,8574.68,新客户,微信,平台分成
2024-09-26,11699.72,新客户,支付宝,销售收入
2024-09-26,8441.22,新客户,微信,广告收入
2024-09-26,8205.82,老客户,微信,销售收入
2024-09-27,7806.57,新客户,微信,服务费
2024-09-27,8037.55,老客户,支付宝,平台分成
2024-09-27,7327.51,合作伙伴,POS机,销售收入
2024-09-27,11912.93,老客户,POS机,服务费
2024-09-27,9682.15,新客户,支付宝,平台分成
2024-09-27,9479.54,新客户,微信,销售收入
2024-09-27,8254.64,新客户,POS机,平台分成
2024-09-27,11872.55,合作伙伴,POS机,销售收入
2024-09-28,10569.19,新客户,微信,服务费
2024-09-28,8327.76,新客户,微信,广告收入
2024-09-28,7441.99,合作伙伴,支付宝,服务费
2024-09-28,11724.66,合作伙伴,POS机,销售收入
2024-09-28,6142.16,新客户,POS机,广告收入
2024-09-28,6007.49,合作伙伴,POS机,服务费
2024-09-28,8052.22,老客户,微信,销售收入
2024-09-28,8576.75,合作伙伴,银行转账,平台分成
2024-09-29,10082.25,老客户,银行转账,广告收入
2024-09-29,8629.47,合作伙伴,银行转账,广告收入
2024-09-29,8053.46,合作伙伴,POS机,广告收入
2024-09-29,8944.32,合作伙伴,POS机,广告收入
2024-09-29,11107.96,合作伙伴,银行转账,广告收入
2024-09-29,5752.97,老客户,银行转账,平台分成
2024-09-29,9124.02,新客户,POS机,广告收入
2024-09-29,8496.21,老客户,POS机,销售收入
2024-09-30,10588.96,新客户,POS机,平台分成
2024-09-30,6035.8,老客户,银行转账,销售收入
2024-09-30,9636.64,老客户,支付宝,平台分成
2024-09-30,8461.63,老客户,支付宝,销售收入
2024-09-30,13722.37,新客户,支付宝,服务费
2024-09-30,4108.09,新客户,POS机,广告收入
2024-10-01,9119.65,老客户,POS机,销售收入
2024-10-01,8927.74,合作伙伴,POS机,服务费
2024-10-01,8119.9,新客户,微信,销售收入
2024-10-01,8829.61,合作伙伴,支付宝,广告收入
2024-10-01,8474.27,老客户,支付宝,服务费
2024-10-01,6345.04,合作伙伴,POS机,销售收入
2024-10-01,8066.7,老客户,支付宝,广告收入
2024-10-01,9430.23,新客户,POS机,平台分成
2024-10-02,5596.28,合作伙伴,银行转账,广告收入
2024-10-02,10077.13,合作伙伴,银行转账,服务费
2024-10-02,11710.29,新客户,支付宝,销售收入
2024-10-02,8889.03,新客户,支付宝,服务费
2024-10-02,4873.98,老客户,POS机,广告收入
2024-10-02,9511.29,合作伙伴,POS机,平台分成
2024-10-02,6908.2,新客户,微信,销售收入
2024-10-02,7834.67,新客户,支付宝,平台分成
2024-10-02,9860.48,新客户,微信,服务费
2024-10-02,7546.94,新客户,银行转账,广告收入
2024-10-03,6172.32,合作伙伴,支付宝,广告收入
2024-10-03,8604.84,合作伙伴,银行转账,广告收入
2024-10-03,9957.09,新客户,银行转账,服务费
2024-10-03,4400.56,合作伙伴,银行转账,平台分成
2024-10-03,4972.07,老客户,支付宝,销售收入
2024-10-04,9826.91,合作伙伴,POS机,平台分成
2024-10-04,9217.91,老客户,银行转账,销售收入
2024-10-04,9643.81,老客户,银行转账,平台分成
2024-10-04,5286.36,新客户,POS机,服务费
2024-10-04,9771.05,合作伙伴,微信,销售收入
2024-10-04,12043.03,新客户,微信,服务费
2024-10-04,8260.89,合作伙伴,微信,广告收入
2024-10-04,11527.63,合作伙伴,支付宝,平台分成
2024-10-05,6986.47,新客户,银行转账,服务费
2024-10-05,6623.2,老客户,微信,服务费
2024-10-05,5434.45,新客户,支付宝,广告收入
2024-10-05,1489.47,合作伙伴,POS机,服务费
2024-10-05,8497.37,新客户,微信,服务费
2024-10-05,10592.62,合作伙伴,支付宝,平台分成
2024-10-05,9851.48,新客户,银行转账,广告收入
2024-10-05,7582.01,老客户,银行转账,销售收入
2024-10-06,9665.42,新客户,银行转账,服务费
2024-10-06,6310.73,合作伙伴,支付宝,广告收入
2024-10-06,8085.38,新客户,支付宝,销售收入
2024-10-06,10487.45,合作伙伴,支付宝,服务费
2024-10-06,7593.68,老客户,POS机,广告收入
2024-10-07,9665.78,老客户,微信,平台分成
2024-10-07,9156.48,老客户,支付宝,销售收入
2024-10-07,10158.99,新客户,支付宝,平台分成
2024-10-07,9449.11,合作伙伴,POS机,广告收入
2024-10-07,6506.22,新客户,银行转账,服务费
2024-10-07,11555.92,合作伙伴,微信,广告收入
2024-10-07,8333.14,合作伙伴,银行转账,服务费
2024-10-07,3626.95,老客户,支付宝,销售收入
2024-10-08,4028.84,合作伙伴,银行转账,销售收入
2024-10-08,9982.34,老客户,银行转账,销售收入
2024-10-08,12989.17,新客户,POS机,销售收入
2024-10-08,15774.8,老客户,微信,服务费
2024-10-08,7313.9,合作伙伴,支付宝,销售收入
2024-10-09,8550.95,新客户,银行转账,平台分成
2024-10-09,6660.1,老客户,银行转账,平台分成
2024-10-09,9350.06,新客户,POS机,广告收入
2024-10-09,8779.25,合作伙伴,POS机,销售收入
2024-10-09,6878.08,新客户,微信,销售收入
2024-10-09,5270.75,老客户,POS机,销售收入
2024-10-09,7032.25,合作伙伴,微信,服务费
2024-10-09,8640.14,老客户,银行转账,平台分成
2024-10-09,7191.91,合作伙伴,银行转账,服务费
2024-10-09,8134.8,新客户,支付宝,销售收入
2024-10-10,15308.39,合作伙伴,POS机,销售收入
2024-10-10,12548.06,新客户,支付宝,服务费
2024-10-10,8099.84,老客户,POS机,广告收入
2024-10-10,8467.91,合作伙伴,微信,平台分成
2024-10-10,8574.82,老客户,POS机,广告收入
2024-10-11,6376.52,合作伙伴,POS机,广告收入
2024-10-11,9930.24,合作伙伴,支付宝,广告收入
2024-10-11,4636.29,新客户,POS机,销售收入
2024-10-11,9705.15,老客户,POS机,销售收入
2024-10-11,5426.57,老客户,银行转账,销售收入
2024-10-12,4618.32,老客户,银行转账,销售收入
2024-10-12,6660.5,老客户,微信,销售收入
2024-10-12,3731.61,老客户,微信,平台分成
2024-10-12,9352.64,老客户,银行转账,广告收入
2024-10-12,7616.29,合作伙伴,微信,平台分成
2024-10-12,9678.7,新客户,银行转账,服务费
2024-10-12,9653.56,合作伙伴,支付宝,平台分成
2024-10-12,9012.29,老客户,支付宝,平台分成
2024-10-12,7894.16,老客户,银行转账,销售收入
2024-10-13,8852.82,合作伙伴,银行转账,销售收入
2024-10-13,4781.2,合作伙伴,POS机,广告收入
2024-10-13,8976.48,老客户,微信,服务费
2024-10-13,14134.76,老客户,POS机,平台分成
2024-10-13,8218.95,合作伙伴,微信,销售收入
2024-10-13,8989.84,老客户,微信,服务费
2024-10-13,6633.3,合作伙伴,POS机,服务费
2024-10-13,7320.86,合作伙伴,微信,平台分成
2024-10-13,10974.78,老客户,POS机,销售收入
2024-10-14,10534.19,合作伙伴,POS机,服务费
2024-10-14,7665.28,合作伙伴,银行转账,广告收入
2024-10-14,5482.55,合作伙伴,支付宝,服务费
2024-10-14,4388.71,新客户,银行转账,销售收入
2024-10-14,11575.87,合作伙伴,银行转账,销售收入
2024-10-14,9753.31,新客户,支付宝,销售收入
2024-10-14,8167.45,老客户,支付宝,服务费
2024-10-15,7941.12,合作伙伴,微信,销售收入
2024-10-15,7564.11,新客户,微信,服务费
2024-10-15,8652.22,新客户,微信,广告收入
2024-10-15,8742.82,合作伙伴,支付宝,服务费
2024-10-15,8659.63,老客户,银行转账,平台分成
2024-10-15,4188.96,新客户,POS机,服务费
2024-10-15,10648.7,合作伙伴,微信,服务费
2024-10-15,9281.17,新客户,微信,销售收入
2024-10-15,7384.23,合作伙伴,支付宝,平台分成
2024-10-15,9744.44,新客户,支付宝,广告收入
2024-10-16,4304.63,老客户,支付宝,广告收入
2024-10-16,5171.47,合作伙伴,微信,广告收入
2024-10-16,4498.95,老客户,支付宝,销售收入
2024-10-16,8516.94,合作伙伴,微信,平台分成
2024-10-16,10443.92,新客户,银行转账,销售收入
2024-10-16,6117.89,合作伙伴,支付宝,销售收入
2024-10-17,6949.01,合作伙伴,支付宝,广告收入
2024-10-17,11406.54,老客户,POS机,平台分成
2024-10-17,16151.23,新客户,微信,广告收入
2024-10-17,7867.76,老客户,POS机,平台分成
2024-10-17,11747.59,新客户,支付宝,销售收入
2024-10-18,8001.05,合作伙伴,支付宝,销售收入
2024-10-18,6817.07,合作伙伴,POS机,销售收入
2024-10-18,7923.57,合作伙伴,微信,平台分成
2024-10-18,7928.23,老客户,支付宝,销售收入
2024-10-18,7615.66,新客户,POS机,销售收入
2024-10-18,10140.15,合作伙伴,微信,广告收入
2024-10-18,10394.47,新客户,POS机,销售收入
2024-10-18,5287.12,老客户,POS机,广告收入
2024-10-19,5936.47,新客户,银行转账,广告收入
2024-10-19,6768.13,新客户,微信,服务费
2024-10-19,9423.54,老客户,支付宝,销售收入
2024-10-19,9769.09,新客户,银行转账,销售收入
2024-10-19,8022.6,新客户,银行转账,平台分成
2024-10-20,6813.26,老客户,银行转账,销售收入
2024-10-20,10582.8,合作伙伴,支付宝,销售收入
2024-10-20,6725.35,新客户,支付宝,广告收入
2024-10-20,2814.81,新客户,支付宝,销售收入
2024-10-20,2195.92,老客户,POS机,服务费
2024-10-20,5335.75,合作伙伴,微信,销售收入
2024-10-20,10439.54,老客户,支付宝,平台分成
2024-10-21,10296.14,老客户,银行转账,销售收入
2024-10-21,11930.61,老客户,微信,平台分成
2024-10-21,6548.96,合作伙伴,支付宝,服务费
2024-10-21,5567.63,合作伙伴,支付宝,平台分成
2024-10-21,8523.62,合作伙伴,微信,广告收入
2024-10-21,4555.96,老客户,微信,服务费
2024-10-21,6588.06,合作伙伴,POS机,销售收入
2024-10-21,11745.24,合作伙伴,银行转账,广告收入
2024-10-21,6742.11,合作伙伴,支付宝,平台分成
2024-10-21,8001.11,新客户,微信,平台分成
2024-10-22,4757.08,新客户,支付宝,服务费
2024-10-22,8332.88,新客户,银行转账,销售收入
2024-10-22,8753.55,老客户,微信,销售收入
2024-10-22,6817.87,合作伙伴,银行转账,广告收入
2024-10-22,4788.92,新客户,支付宝,广告收入
2024-10-23,9343.29,新客户,微信,广告收入
2024-10-23,11335.88,合作伙伴,银行转账,广告收入
2024-10-23,7343.61,新客户,支付宝,平台分成
2024-10-23,8910.17,新客户,POS机,服务费
2024-10-23,7437.92,新客户,支付宝,广告收入
2024-10-23,12063.67,合作伙伴,POS机,平台分成
2024-10-23,7402.72,合作伙伴,微信,平台分成
2024-10-23,11575.39,新客户,银行转账,广告收入
2024-10-23,5999.9,新客户,支付宝,服务费
2024-10-24,7841.19,老客户,微信,服务费
2024-10-24,7933.41,新客户,微信,服务费
2024-10-24,6529.41,合作伙伴,POS机,服务费
2024-10-24,8901.7,老客户,支付宝,销售收入
2024-10-24,8085.33,老客户,银行转账,广告收入
2024-10-24,7832.48,老客户,微信,平台分成
2024-10-25,6571.56,老客户,微信,服务费
2024-10-25,12404.22,合作伙伴,支付宝,广告收入
2024-10-25,7292.88,合作伙伴,POS机,平台分成
2024-10-25,9628.8,新客户,银行转账,服务费
2024-10-25,5155.79,老客户,微信,销售收入
2024-10-25,3848.79,新客户,支付宝,服务费
2024-10-25,12549.1,老客户,银行转账,广告收入
2024-10-26,9671.62,合作伙伴,微信,服务费
2024-10-26,5704.98,合作伙伴,银行转账,服务费
2024-10-26,5251.93,合作伙伴,POS机,广告收入
2024-10-26,7120.44,新客户,微信,服务费
2024-10-26,9324.7,老客户,银行转账,平台分成
2024-10-26,9030.59,老客户,支付宝,销售收入
2024-10-27,5987.36,合作伙伴,POS机,销售收入
2024-10-27,11763.54,新客户,POS机,广告收入
2024-10-27,10356.42,新客户,POS机,平台分成
2024-10-27,10151.14,老客户,支付宝,服务费
2024-10-27,3454.4,新客户,支付宝,服务费
2024-10-27,2815.63,老客户,支付宝,销售收入
2024-10-27,8245.78,新客户,支付宝,销售收入
2024-10-27,7867.93,新客户,支付宝,服务费
2024-10-27,9493.07,合作伙伴,银行转账,服务费
2024-10-28,5629.13,合作伙伴,支付宝,销售收入
2024-10-28,9380.75,合作伙伴,微信,平台分成
2024-10-28,9564.08,老客户,POS机,销售收入
2024-10-28,6396.35,新客户,POS机,销售收入
2024-10-28,9137.54,老客户,微信,平台分成
2024-10-28,10338.48,新客户,微信,服务费
2024-10-28,7489.77,老客户,POS机,平台分成
2024-10-28,7111.27,合作伙伴,支付宝,服务费
2024-10-28,11551.3,合作伙伴,POS机,销售收入
2024-10-28,12741.85,老客户,支付宝,服务费
2024-10-29,6192.21,老客户,银行转账,销售收入
2024-10-29,9891.97,合作伙伴,支付宝,销售收入
2024-10-29,9531.17,合作伙伴,微信,广告收入
2024-10-29,7756.66,合作伙伴,银行转账,服务费
2024-10-29,6740.53,合作伙伴,微信,销售收入
2024-10-29,8834.65,新客户,微信,广告收入
2024-10-29,11578.42,老客户,支付宝,广告收入
2024-10-30,8598.97,合作伙伴,POS机,广告收入
2024-10-30,9210.4,合作伙伴,POS机,平台分成
2024-10-30,13030.68,新客户,银行转账,平台分成
2024-10-30,10559.27,新客户,微信,服务费
2024-10-30,12421.93,新客户,微信,服务费
2024-10-30,6769.64,合作伙伴,POS机,广告收入
2024-10-30,8919.12,新客户,微信,广告收入
2024-10-30,2749.93,老客户,银行转账,服务费
2024-10-30,7697.6,新客户,支付宝,平台分成
2024-10-30,10811.56,合作伙伴,微信,销售收入
2024-10-31,10345.55,合作伙伴,POS机,广告收入
2024-10-31,7112.66,新客户,银行转账,广告收入
2024-10-31,10782.37,老客户,银行转账,平台分成
2024-10-31,10694.13,合作伙伴,支付宝,销售收入
2024-10-31,11077.19,老客户,微信,平台分成
2024-10-31,12212.54,合作伙伴,支付宝,销售收入
2024-11-01,7552.13,老客户,POS机,服务费
2024-11-01,4829.96,老客户,支付宝,广告收入
2024-11-01,9096.66,新客户,银行转账,平台分成
2024-11-01,8336.18,新客户,银行转账,平台分成
2024-11-01,6381.71,合作伙伴,微信,平台分成
2024-11-01,8547.48,新客户,POS机,服务费
2024-11-01,8410.8,合作伙伴,POS机,服务费
2024-11-01,7733.95,老客户,支付宝,广告收入
2024-11-01,9071.98,合作伙伴,微信,销售收入
2024-11-02,7147.23,合作伙伴,微信,服务费
2024-11-02,9720.67,合作伙伴,微信,销售收入
2024-11-02,5446.4,合作伙伴,POS机,广告收入
2024-11-02,6889.61,合作伙伴,POS机,销售收入
2024-11-02,8823.43,新客户,微信,销售收入
2024-11-03,6334.29,老客户,POS机,平台分成
2024-11-03,7555.77,老客户,微信,平台分成
2024-11-03,11079.96,老客户,银行转账,销售收入
2024-11-03,1656.53,合作伙伴,POS机,服务费
2024-11-03,9358.24,老客户,银行转账,服务费
2024-11-03,4955.19,老客户,POS机,广告收入
2024-11-04,11423.14,新客户,POS机,平台分成
2024-11-04,5153.58,合作伙伴,支付宝,平台分成
2024-11-04,10202.96,合作伙伴,微信,平台分成
2024-11-04,7049.4,合作伙伴,支付宝,广告收入
2024-11-04,10127.67,新客户,支付宝,服务费
2024-11-04,11751.43,老客户,支付宝,服务费
2024-11-04,5300.4,老客户,POS机,广告收入
2024-11-04,5184.77,新客户,银行转账,广告收入
2024-11-05,5035.35,新客户,银行转账,服务费
2024-11-05,2195.11,合作伙伴,支付宝,服务费
2024-11-05,9205.17,合作伙伴,微信,广告收入
2024-11-05,8921.83,合作伙伴,微信,销售收入
2024-11-05,5039.1,新客户,支付宝,服务费
2024-11-05,6751.54,合作伙伴,银行转账,服务费
2024-11-06,10726.81,合作伙伴,银行转账,服务费
2024-11-06,11226.29,合作伙伴,支付宝,广告收入
2024-11-06,11907.22,新客户,支付宝,销售收入
2024-11-06,7315.02,新客户,银行转账,销售收入
2024-11-06,12322.79,老客户,POS机,平台分成
2024-11-06,8185.7,老客户,微信,服务费
2024-11-06,5804.32,老客户,微信,服务费
2024-11-06,10404.89,新客户,POS机,平台分成
2024-11-07,6480.31,老客户,支付宝,服务费
2024-11-07,6652.19,老客户,银行转账,服务费
2024-11-07,2890.43,老客户,支付宝,服务费
2024-11-07,10330.73,老客户,微信,广告收入
2024-11-07,7237.99,合作伙伴,微信,销售收入
2024-11-07,9847.29,新客户,微信,平台分成
2024-11-07,8338.51,合作伙伴,POS机,广告收入
2024-11-08,3828.9,新客户,POS机,销售收入
2024-11-08,8740.46,新客户,POS机,销售收入
2024-11-08,8938.04,新客户,支付宝,销售收入
2024-11-08,6213.63,老客户,支付宝,广告收入
2024-11-08,7345.74,合作伙伴,银行转账,平台分成
2024-11-08,9753.14,合作伙伴,微信,销售收入
2024-11-08,8454.02,新客户,微信,销售收入
2024-11-08,9855.38,老客户,微信,平台分成
2024-11-08,10497.04,合作伙伴,支付宝,销售收入
2024-11-08,8899.34,新客户,支付宝,平台分成
2024-11-09,8421.77,新客户,支付宝,广告收入
2024-11-09,8353.14,合作伙伴,POS机,销售收入
2024-11-09,2673.58,老客户,POS机,服务费
2024-11-09,6372.92,老客户,POS机,销售收入
2024-11-09,8004.61,新客户,银行转账,平台分成
2024-11-09,6056.52,合作伙伴,POS机,服务费
2024-11-09,9733.31,新客户,银行转账,平台分成
2024-11-09,8562.12,老客户,微信,平台分成
2024-11-09,9213.66,合作伙伴,微信,广告收入
2024-11-09,8812.54,老客户,POS机,销售收入
2024-11-10,6884.39,合作伙伴,银行转账,服务费
2024-11-10,6400.02,新客户,银行转账,服务费
2024-11-10,7584.45,老客户,微信,服务费
2024-11-10,6202.92,新客户,微信,销售收入
2024-11-10,9862.51,老客户,微信,广告收入
2024-11-10,8299.88,新客户,微信,平台分成
2024-11-10,6997.09,老客户,微信,服务费
2024-11-10,8828.35,新客户,支付宝,广告收入
2024-11-10,9333.5,老客户,POS机,销售收入
2024-11-11,9176.18,合作伙伴,POS机,服务费
2024-11-11,12869.54,合作伙伴,支付宝,平台分成
2024-11-11,6237.41,合作伙伴,POS机,服务费
2024-11-11,6906.85,老客户,银行转账,平台分成
2024-11-11,8047.89,老客户,POS机,服务费
2024-11-11,8574.25,合作伙伴,支付宝,销售收入
2024-11-11,9994.01,合作伙伴,微信,平台分成
2024-11-11,5532.69,新客户,银行转账,广告收入
2024-11-12,4715.96,合作伙伴,微信,服务费
2024-11-12,10134.52,合作伙伴,银行转账,平台分成
2024-11-12,10767.13,老客户,POS机,广告收入
2024-11-12,7714.85,合作伙伴,支付宝,广告收入
2024-11-12,11177.68,合作伙伴,POS机,服务费
2024-11-12,6232.21,新客户,微信,平台分成
2024-11-13,8368.85,新客户,银行转账,服务费
2024-11-13,8192.47,老客户,银行转账,销售收入
2024-11-13,8573.29,新客户,支付宝,广告收入
2024-11-13,12281.67,老客户,支付宝,平台分成
2024-11-13,4579.21,新客户,银行转账,平台分成
2024-11-14,12968.19,新客户,支付宝,广告收入
2024-11-14,11159.27,合作伙伴,POS机,平台分成
2024-11-14,5884.21,合作伙伴,银行转账,平台分成
2024-11-14,12741.03,老客户,POS机,平台分成
2024-11-14,8549.46,新客户,银行转账,服务费
2024-11-14,9166.79,老客户,银行转账,销售收入
2024-11-14,9265.92,合作伙伴,银行转账,销售收入
2024-11-14,11790.99,合作伙伴,POS机,平台分成
2024-11-14,9505.3,合作伙伴,微信,平台分成
2024-11-15,3639.17,新客户,银行转账,平台分成
2024-11-15,9455.61,老客户,POS机,平台分成
2024-11-15,3230.48,合作伙伴,微信,服务费
2024-11-15,5849.04,新客户,银行转账,广告收入
2024-11-15,5308.76,老客户,支付宝,平台分成
2024-11-15,8553.22,合作伙伴,银行转账,销售收入
2024-11-15,6779.02,新客户,银行转账,平台分成
2024-11-15,9050.29,新客户,支付宝,销售收入
2024-11-15,6898.51,老客户,银行转账,广告收入
2024-11-16,10601.55,合作伙伴,支付宝,服务费
2024-11-16,9211.12,新客户,微信,销售收入
2024-11-16,9154.17,新客户,微信,服务费
2024-11-16,8476.06,老客户,银行转账,平台分成
2024-11-16,9123.05,新客户,微信,平台分成
2024-11-16,5131.7,老客户,POS机,平台分成
2024-11-16,7218.95,新客户,POS机,销售收入
2024-11-16,7143.63,合作伙伴,POS机,广告收入
2024-11-16,8426.16,合作伙伴,微信,广告收入
2024-11-16,8190.6,合作伙伴,微信,服务费
2024-11-17,7550.5,老客户,微信,服务费
2024-11-17,7709.19,新客户,银行转账,广告收入
2024-11-17,7269.2,老客户,微信,销售收入
2024-11-17,11990.12,老客户,支付宝,服务费
2024-11-17,7108.15,新客户,支付宝,服务费
2024-11-17,6235.99,合作伙伴,POS机,服务费
2024-11-17,5644.78,老客户,POS机,服务费
2024-11-17,5000.35,老客户,银行转账,广告收入
2024-11-18,7269.36,合作伙伴,支付宝,广告收入
2024-11-18,5807.67,合作伙伴,支付宝,服务费
2024-11-18,5213.04,合作伙伴,POS机,广告收入
2024-11-18,11426.02,老客户,微信,平台分成
2024-11-18,11573.64,老客户,支付宝,平台分成
2024-11-18,6167.42,老客户,POS机,广告收入
2024-11-18,12545.15,新客户,支付宝,广告收入
2024-11-19,7008.14,合作伙伴,银行转账,平台分成
2024-11-19,7335.56,老客户,POS机,平台分成
2024-11-19,8764.04,新客户,银行转账,平台分成
2024-11-19,3968.35,老客户,POS机,服务费
2024-11-19,8382.81,合作伙伴,支付宝,广告收入
2024-11-19,10476.77,合作伙伴,银行转账,服务费
2024-11-19,6194.09,老客户,POS机,服务费
2024-11-19,6337.83,合作伙伴,支付宝,平台分成
2024-11-19,7224.08,合作伙伴,微信,销售收入
2024-11-20,5577.68,合作伙伴,支付宝,销售收入
2024-11-20,12123.7,老客户,银行转账,销售收入
2024-11-20,10676.53,新客户,微信,销售收入
2024-11-20,9108.75,新客户,微信,广告收入
2024-11-20,5120.33,合作伙伴,POS机,平台分成
2024-11-20,6864.58,合作伙伴,POS机,销售收入
2024-11-20,8849.0,老客户,支付宝,平台分成
2024-11-21,5314.62,新客户,微信,销售收入
2024-11-21,11206.62,合作伙伴,支付宝,服务费
2024-11-21,6552.0,合作伙伴,微信,销售收入
2024-11-21,7437.57,老客户,银行转账,销售收入
2024-11-21,5303.66,老客户,支付宝,服务费
2024-11-22,5762.66,老客户,支付宝,平台分成
2024-11-22,7029.76,老客户,微信,广告收入
2024-11-22,4527.54,合作伙伴,银行转账,平台分成
2024-11-22,5252.34,新客户,支付宝,服务费
2024-11-22,5969.79,老客户,微信,平台分成
2024-11-23,10378.87,合作伙伴,微信,广告收入
2024-11-23,5447.09,合作伙伴,微信,平台分成
2024-11-23,5095.17,新客户,微信,销售收入
2024-11-23,7227.73,新客户,POS机,服务费
2024-11-23,3036.35,新客户,POS机,平台分成
2024-11-23,6474.94,老客户,微信,平台分成
2024-11-24,8907.96,合作伙伴,银行转账,广告收入
2024-11-24,9298.87,合作伙伴,POS机,平台分成
2024-11-24,4355.98,新客户,银行转账,广告收入
2024-11-24,8677.59,新客户,微信,服务费
2024-11-24,5910.01,老客户,支付宝,服务费
2024-11-24,11185.97,老客户,POS机,销售收入
2024-11-24,8784.41,合作伙伴,微信,平台分成
2024-11-24,11026.73,合作伙伴,银行转账,平台分成
2024-11-24,4839.64,合作伙伴,银行转账,广告收入
2024-11-25,5266.41,老客户,支付宝,服务费
2024-11-25,10438.28,老客户,银行转账,平台分成
2024-11-25,9289.07,合作伙伴,银行转账,平台分成
2024-11-25,5911.79,新客户,POS机,服务费
2024-11-25,8175.62,新客户,支付宝,平台分成
2024-11-25,8614.74,合作伙伴,POS机,平台分成
2024-11-25,617.31,合作伙伴,支付宝,服务费
2024-11-26,10631.98,合作伙伴,微信,销售收入
2024-11-26,8559.37,老客户,POS机,广告收入
2024-11-26,4162.4,新客户,POS机,服务费
2024-11-26,3299.97,老客户,POS机,广告收入
2024-11-26,8462.94,合作伙伴,银行转账,广告收入
2024-11-26,9063.61,合作伙伴,银行转账,平台分成
2024-11-26,3826.78,新客户,银行转账,广告收入
2024-11-27,8399.69,新客户,POS机,广告收入
2024-11-27,9658.62,老客户,支付宝,服务费
2024-11-27,6189.38,合作伙伴,POS机,平台分成
2024-11-27,6699.04,新客户,微信,广告收入
2024-11-27,7321.36,合作伙伴,POS机,平台分成
2024-11-27,9709.18,新客户,银行转账,服务费
2024-11-27,7861.38,老客户,银行转账,平台分成
2024-11-27,9903.55,老客户,银行转账,销售收入
2024-11-28,4850.05,合作伙伴,支付宝,广告收入
2024-11-28,5882.87,新客户,支付宝,平台分成
2024-11-28,11124.05,新客户,POS机,服务费
2024-11-28,8197.32,老客户,银行转账,服务费
2024-11-28,7240.9,合作伙伴,POS机,服务费
2024-11-28,9723.51,老客户,POS机,广告收入
2024-11-28,10766.59,合作伙伴,支付宝,销售收入
2024-11-28,8461.78,合作伙伴,银行转账,服务费
2024-11-29,10344.79,老客户,支付宝,平台分成
2024-11-29,8940.8,老客户,支付宝,服务费
2024-11-29,8778.04,老客户,银行转账,平台分成
2024-11-29,4019.64,老客户,银行转账,平台分成
2024-11-29,10185.44,合作伙伴,微信,服务费
2024-11-29,7413.35,新客户,银行转账,服务费
2024-11-29,8359.47,老客户,微信,广告收入
2024-11-29,10912.58,新客户,支付宝,广告收入
2024-11-29,4886.02,合作伙伴,支付宝,服务费
2024-11-30,6099.53,合作伙伴,POS机,服务费
2024-11-30,8717.83,合作伙伴,POS机,平台分成
2024-11-30,5709.31,老客户,微信,平台分成
2024-11-30,11388.61,合作伙伴,支付宝,服务费
2024-11-30,9521.02,合作伙伴,支付宝,销售收入
2024-12-01,14914.95,新客户,支付宝,销售收入
2024-12-01,4527.73,新客户,微信,服务费
2024-12-01,6512.24,合作伙伴,POS机,服务费
2024-12-01,11546.33,合作伙伴,支付宝,服务费
2024-12-01,1780.48,合作伙伴,支付宝,销售收入
2024-12-01,7347.26,新客户,银行转账,平台分成
2024-12-01,3009.31,老客户,银行转账,服务费
2024-12-01,6019.25,合作伙伴,微信,销售收入
2024-12-01,7002.25,新客户,微信,服务费
2024-12-01,9330.02,合作伙伴,支付宝,平台分成
2024-12-02,8904.15,合作伙伴,银行转账,销售收入
2024-12-02,10811.74,合作伙伴,POS机,销售收入
2024-12-02,9825.82,老客户,银行转账,广告收入
2024-12-02,7259.88,老客户,支付宝,服务费
2024-12-02,7399.62,老客户,微信,广告收入
2024-12-02,10804.64,合作伙伴,POS机,服务费
2024-12-02,13800.1,合作伙伴,微信,服务费
2024-12-03,7814.38,老客户,微信,平台分成
2024-12-03,7589.49,合作伙伴,微信,服务费
2024-12-03,11932.65,老客户,银行转账,服务费
2024-12-03,3978.08,合作伙伴,银行转账,服务费
2024-12-03,5240.91,合作伙伴,微信,广告收入
2024-12-03,8339.08,新客户,微信,服务费
2024-12-03,9496.85,合作伙伴,支付宝,广告收入
2024-12-03,5699.4,新客户,银行转账,平台分成
2024-12-03,8800.69,新客户,银行转账,销售收入
2024-12-03,8438.74,老客户,支付宝,销售收入
2024-12-04,5588.24,合作伙伴,银行转账,平台分成
2024-12-04,12071.17,合作伙伴,支付宝,服务费
2024-12-04,8545.06,新客户,微信,平台分成
2024-12-04,5552.96,老客户,银行转账,销售收入
2024-12-04,8196.44,合作伙伴,支付宝,平台分成
2024-12-04,2678.16,新客户,POS机,广告收入
2024-12-04,2837.61,新客户,银行转账,广告收入
2024-12-04,6285.0,新客户,支付宝,广告收入
2024-12-05,11958.69,老客户,POS机,服务费
2024-12-05,5205.55,老客户,支付宝,服务费
2024-12-05,9001.2,老客户,银行转账,平台分成
2024-12-05,8327.66,合作伙伴,银行转账,服务费
2024-12-05,3508.15,新客户,POS机,销售收入
2024-12-05,11725.95,新客户,POS机,服务费
2024-12-05,9264.91,老客户,微信,平台分成
2024-12-05,6179.32,新客户,POS机,广告收入
2024-12-05,10489.68,新客户,微信,服务费
2024-12-05,8637.49,老客户,微信,服务费
2024-12-06,10201.79,老客户,银行转账,服务费
2024-12-06,12233.88,新客户,POS机,服务费
2024-12-06,10655.04,新客户,微信,销售收入
2024-12-06,8418.79,老客户,微信,平台分成
2024-12-06,8691.24,老客户,支付宝,平台分成
2024-12-06,300.0,老客户,微信,服务费
2024-12-06,7422.67,新客户,支付宝,广告收入
2024-12-07,9712.11,合作伙伴,银行转账,平台分成
2024-12-07,11854.18,老客户,POS机,广告收入
2024-12-07,4051.46,老客户,银行转账,广告收入
2024-12-07,9321.29,新客户,微信,平台分成
2024-12-07,11203.48,合作伙伴,银行转账,销售收入
2024-12-07,6312.66,老客户,微信,服务费
2024-12-07,6992.31,新客户,微信,服务费
2024-12-07,8329.11,老客户,微信,服务费
2024-12-07,6526.08,新客户,支付宝,平台分成
2024-12-08,6935.53,合作伙伴,微信,平台分成
2024-12-08,9177.76,新客户,POS机,平台分成
2024-12-08,8631.42,合作伙伴,POS机,平台分成
2024-12-08,11461.33,新客户,支付宝,广告收入
2024-12-08,4196.01,合作伙伴,POS机,平台分成
2024-12-09,12366.85,合作伙伴,POS机,广告收入
2024-12-09,6977.21,新客户,支付宝,广告收入
2024-12-09,7953.74,老客户,银行转账,销售收入
2024-12-09,4139.06,老客户,微信,广告收入
2024-12-09,8330.68,新客户,微信,广告收入
2024-12-09,7030.75,新客户,POS机,广告收入
2024-12-09,6965.96,老客户,微信,服务费
2024-12-09,8715.49,合作伙伴,微信,服务费
2024-12-10,1753.77,合作伙伴,POS机,服务费
2024-12-10,10638.86,新客户,微信,服务费
2024-12-10,14876.81,新客户,支付宝,销售收入
2024-12-10,13259.18,老客户,银行转账,广告收入
2024-12-10,9490.99,老客户,POS机,服务费
2024-12-10,6863.63,新客户,POS机,销售收入
2024-12-11,7453.37,老客户,支付宝,服务费
2024-12-11,5691.67,合作伙伴,微信,平台分成
2024-12-11,9248.15,新客户,微信,广告收入
2024-12-11,7343.65,合作伙伴,微信,销售收入
2024-12-11,6746.59,合作伙伴,POS机,服务费
2024-12-11,7244.55,新客户,POS机,服务费
2024-12-11,1492.16,新客户,支付宝,平台分成
2024-12-11,9322.54,老客户,微信,销售收入
2024-12-12,8142.39,新客户,银行转账,服务费
2024-12-12,9240.5,老客户,支付宝,广告收入
2024-12-12,6661.71,老客户,银行转账,广告收入
2024-12-12,5756.27,合作伙伴,微信,广告收入
2024-12-12,4719.54,新客户,微信,平台分成
2024-12-12,8113.06,新客户,POS机,销售收入
2024-12-12,8127.99,合作伙伴,微信,广告收入
2024-12-12,7574.25,老客户,微信,服务费
2024-12-12,8098.9,合作伙伴,微信,销售收入
2024-12-13,6099.55,新客户,支付宝,销售收入
2024-12-13,8096.27,合作伙伴,支付宝,平台分成
2024-12-13,6623.45,新客户,支付宝,平台分成
2024-12-13,13194.19,老客户,微信,平台分成
2024-12-13,8996.12,新客户,POS机,平台分成
2024-12-13,5929.01,合作伙伴,POS机,广告收入
2024-12-13,3674.92,新客户,银行转账,销售收入
2024-12-14,12708.19,合作伙伴,支付宝,广告收入
2024-12-14,7505.16,老客户,微信,销售收入
2024-12-14,13169.77,老客户,微信,广告收入
2024-12-14,9858.28,合作伙伴,微信,广告收入
2024-12-14,4946.26,老客户,银行转账,服务费
2024-12-15,6658.19,老客户,微信,服务费
2024-12-15,9790.28,合作伙伴,POS机,平台分成
2024-12-15,10960.52,合作伙伴,银行转账,销售收入
2024-12-15,5950.34,新客户,支付宝,销售收入
2024-12-15,3350.16,新客户,支付宝,服务费
2024-12-15,6486.64,新客户,银行转账,平台分成
2024-12-15,3399.81,老客户,支付宝,销售收入
2024-12-16,7919.3,老客户,支付宝,服务费
2024-12-16,8514.07,合作伙伴,银行转账,平台分成
2024-12-16,5414.66,新客户,POS机,服务费
2024-12-16,9448.55,新客户,支付宝,服务费
2024-12-16,1722.91,新客户,银行转账,销售收入
2024-12-16,8572.69,老客户,银行转账,销售收入
2024-12-16,10685.8,合作伙伴,微信,广告收入
2024-12-17,8801.96,老客户,银行转账,广告收入
2024-12-17,8485.13,老客户,银行转账,服务费
2024-12-17,6426.62,新客户,支付宝,销售收入
2024-12-17,6126.96,老客户,银行转账,销售收入
2024-12-17,12800.92,合作伙伴,POS机,广告收入
2024-12-18,4942.76,老客户,支付宝,销售收入
2024-12-18,6260.76,新客户,POS机,销售收入
2024-12-18,5704.68,合作伙伴,微信,服务费
2024-12-18,11342.3,老客户,银行转账,服务费
2024-12-18,10956.41,合作伙伴,银行转账,广告收入
2024-12-18,12428.47,合作伙伴,银行转账,平台分成
2024-12-19,9228.01,新客户,银行转账,服务费
2024-12-19,9623.74,合作伙伴,POS机,平台分成
2024-12-19,7090.2,新客户,POS机,平台分成
2024-12-19,5940.16,老客户,银行转账,销售收入
2024-12-19,6202.23,新客户,POS机,服务费
2024-12-19,9747.55,合作伙伴,银行转账,平台分成
2024-12-20,7391.22,合作伙伴,POS机,广告收入
2024-12-20,8085.07,新客户,微信,平台分成
2024-12-20,8278.43,合作伙伴,支付宝,销售收入
2024-12-20,9900.3,合作伙伴,支付宝,销售收入
2024-12-20,10636.03,老客户,银行转账,销售收入
2024-12-20,9327.74,合作伙伴,支付宝,平台分成
2024-12-20,12056.25,老客户,微信,广告收入
2024-12-20,12744.42,新客户,POS机,广告收入
2024-12-20,5630.27,合作伙伴,支付宝,服务费
2024-12-20,5916.76,新客户,POS机,服务费
2024-12-21,6404.31,合作伙伴,POS机,广告收入
2024-12-21,7152.19,合作伙伴,支付宝,平台分成
2024-12-21,8925.15,新客户,微信,销售收入
2024-12-21,7332.18,老客户,微信,服务费
2024-12-21,9157.84,合作伙伴,POS机,平台分成
2024-12-22,9957.18,老客户,微信,平台分成
2024-12-22,6922.19,新客户,POS机,平台分成
2024-12-22,8828.71,老客户,银行转账,销售收入
2024-12-22,8354.41,新客户,微信,平台分成
2024-12-22,8401.22,老客户,微信,平台分成
2024-12-23,13531.33,合作伙伴,微信,平台分成
2024-12-23,7964.11,新客户,POS机,平台分成
2024-12-23,7674.69,合作伙伴,POS机,平台分成
2024-12-23,10368.41,新客户,微信,销售收入
2024-12-23,6239.19,新客户,银行转账,广告收入
2024-12-23,8576.1,合作伙伴,微信,广告收入
2024-12-23,6359.9,新客户,支付宝,服务费
2024-12-23,7846.12,新客户,微信,广告收入
2024-12-24,7894.53,新客户,支付宝,销售收入
2024-12-24,9507.74,合作伙伴,银行转账,广告收入
2024-12-24,5873.66,合作伙伴,银行转账,服务费
2024-12-24,8947.03,合作伙伴,POS机,平台分成
2024-12-24,8944.57,老客户,微信,广告收入
2024-12-24,9125.67,新客户,微信,服务费
2024-12-24,8548.27,合作伙伴,POS机,平台分成
2024-12-25,5301.34,老客户,微信,广告收入
2024-12-25,4993.96,老客户,微信,服务费
2024-12-25,9897.73,合作伙伴,支付宝,销售收入
2024-12-25,5404.78,老客户,银行转账,服务费
2024-12-25,8150.34,老客户,POS机,服务费
2024-12-25,8868.97,新客户,银行转账,销售收入
2024-12-26,4410.23,新客户,银行转账,平台分成
2024-12-26,4710.46,老客户,支付宝,广告收入
2024-12-26,8038.07,新客户,银行转账,平台分成
2024-12-26,10619.63,合作伙伴,支付宝,平台分成
2024-12-26,1451.89,老客户,银行转账,销售收入
2024-12-26,4507.33,新客户,POS机,销售收入
2024-12-27,9078.63,新客户,微信,服务费
2024-12-27,10195.49,合作伙伴,支付宝,平台分成
2024-12-27,8505.82,老客户,支付宝,销售收入
2024-12-27,9355.22,新客户,微信,销售收入
2024-12-27,10784.24,新客户,银行转账,平台分成
2024-12-27,3137.33,老客户,银行转账,销售收入
2024-12-27,9738.81,老客户,支付宝,平台分成
2024-12-27,15210.58,新客户,微信,平台分成
2024-12-27,9486.95,新客户,微信,广告收入
2024-12-28,8920.4,新客户,银行转账,平台分成
2024-12-28,8318.86,老客户,银行转账,销售收入
2024-12-28,7442.07,老客户,微信,平台分成
2024-12-28,11132.11,新客户,银行转账,销售收入
2024-12-28,6879.44,合作伙伴,微信,销售收入
2024-12-29,8778.67,合作伙伴,支付宝,平台分成
2024-12-29,9075.87,老客户,支付宝,平台分成
2024-12-29,9618.17,老客户,支付宝,平台分成
2024-12-29,3353.18,老客户,银行转账,销售收入
2024-12-29,5561.58,合作伙伴,微信,服务费
2024-12-29,11258.77,合作伙伴,支付宝,服务费
2024-12-30,4652.1,合作伙伴,支付宝,销售收入
2024-12-30,8399.36,合作伙伴,微信,平台分成
2024-12-30,10300.03,老客户,POS机,销售收入
2024-12-30,7246.59,新客户,微信,平台分成
2024-12-30,7624.2,老客户,银行转账,平台分成
2024-12-30,7183.26,新客户,微信,广告收入
2024-12-30,7038.01,合作伙伴,POS机,广告收入
2024-12-31,8721.58,老客户,POS机,广告收入
2024-12-31,7769.15,新客户,银行转账,服务费
2024-12-31,4773.03,合作伙伴,POS机,销售收入
2024-12-31,4295.55,新客户,POS机,服务费
2024-12-31,7779.2,合作伙伴,支付宝,销售收入
2025-01-01,8217.88,老客户,支付宝,销售收入
2025-01-01,14223.65,老客户,POS机,平台分成
2025-01-01,13341.3,老客户,支付宝,平台分成
2025-01-01,4840.73,新客户,银行转账,销售收入
2025-01-01,9194.86,新客户,银行转账,平台分成
2025-01-02,10547.03,老客户,支付宝,广告收入
2025-01-02,4838.75,合作伙伴,微信,平台分成
2025-01-02,3517.23,合作伙伴,银行转账,广告收入
2025-01-02,7664.61,新客户,微信,广告收入
2025-01-02,9030.27,合作伙伴,POS机,销售收入
2025-01-02,8084.31,新客户,支付宝,服务费
2025-01-02,12707.71,老客户,微信,广告收入
2025-01-02,2166.63,合作伙伴,微信,广告收入
2025-01-02,2055.31,新客户,微信,平台分成
2025-01-03,8697.48,合作伙伴,支付宝,广告收入
2025-01-03,10154.54,新客户,银行转账,销售收入
2025-01-03,10590.22,老客户,微信,广告收入
2025-01-03,4442.56,老客户,支付宝,平台分成
2025-01-03,6892.26,新客户,银行转账,平台分成
2025-01-04,10954.4,合作伙伴,微信,平台分成
2025-01-04,9803.82,新客户,POS机,服务费
2025-01-04,8268.29,老客户,微信,广告收入
2025-01-04,5778.84,老客户,微信,平台分成
2025-01-04,9539.45,合作伙伴,支付宝,服务费
2025-01-04,1549.07,合作伙伴,银行转账,服务费
2025-01-04,9283.87,合作伙伴,支付宝,平台分成
2025-01-05,9126.94,合作伙伴,POS机,销售收入
2025-01-05,9769.07,新客户,支付宝,销售收入
2025-01-05,4427.86,新客户,银行转账,服务费
2025-01-05,8554.71,新客户,银行转账,平台分成
2025-01-05,4408.64,新客户,POS机,服务费
2025-01-06,6550.07,新客户,银行转账,平台分成
2025-01-06,8798.81,新客户,微信,服务费
2025-01-06,12134.04,新客户,支付宝,销售收入
2025-01-06,6824.39,新客户,银行转账,平台分成
2025-01-06,6927.34,新客户,银行转账,平台分成
2025-01-07,14694.94,合作伙伴,微信,服务费
2025-01-07,8161.74,新客户,银行转账,广告收入
2025-01-07,4232.82,合作伙伴,微信,平台分成
2025-01-07,7989.35,老客户,POS机,销售收入
2025-01-07,5265.21,老客户,银行转账,服务费
2025-01-08,10197.21,老客户,微信,销售收入
2025-01-08,8357.62,新客户,银行转账,服务费
2025-01-08,10124.03,合作伙伴,微信,广告收入
2025-01-08,9266.51,新客户,POS机,平台分成
2025-01-08,9127.14,老客户,微信,平台分成
2025-01-08,6583.58,老客户,支付宝,销售收入
2025-01-08,8137.64,新客户,银行转账,平台分成
2025-01-08,7603.15,新客户,POS机,广告收入
2025-01-08,6457.16,老客户,POS机,服务费
2025-01-09,9464.76,老客户,微信,平台分成
2025-01-09,6158.07,合作伙伴,支付宝,销售收入
2025-01-09,7708.72,合作伙伴,微信,服务费
2025-01-09,12162.0,新客户,POS机,平台分成
2025-01-09,7781.41,新客户,支付宝,服务费
2025-01-09,9370.8,新客户,支付宝,销售收入
2025-01-09,11832.91,老客户,POS机,销售收入
2025-01-09,10509.5,老客户,POS机,平台分成
2025-01-10,4542.66,老客户,银行转账,服务费
2025-01-10,5047.74,老客户,POS机,服务费
2025-01-10,12769.52,老客户,POS机,服务费
2025-01-10,7818.64,老客户,微信,服务费
2025-01-10,6571.56,老客户,POS机,平台分成
2025-01-11,8491.41,合作伙伴,POS机,平台分成
2025-01-11,3886.02,合作伙伴,微信,平台分成
2025-01-11,11763.86,合作伙伴,POS机,销售收入
2025-01-11,8242.43,新客户,微信,广告收入
2025-01-11,7639.28,合作伙伴,微信,平台分成
2025-01-11,10057.99,合作伙伴,银行转账,广告收入
2025-01-11,9707.98,老客户,银行转账,销售收入
2025-01-11,12167.66,合作伙伴,银行转账,平台分成
2025-01-12,8303.77,新客户,POS机,广告收入
2025-01-12,5283.44,老客户,支付宝,服务费
2025-01-12,5759.71,老客户,微信,平台分成
2025-01-12,7082.32,新客户,微信,服务费
2025-01-12,6237.94,老客户,微信,销售收入
2025-01-12,10582.69,老客户,银行转账,销售收入
2025-01-13,10529.62,新客户,支付宝,平台分成
2025-01-13,4813.77,合作伙伴,微信,广告收入
2025-01-13,8948.88,合作伙伴,银行转账,服务费
2025-01-13,15880.14,新客户,微信,服务费
2025-01-13,5191.26,新客户,支付宝,服务费
2025-01-13,10090.55,新客户,支付宝,平台分成
2025-01-13,6152.45,老客户,POS机,平台分成
2025-01-14,7120.94,合作伙伴,支付宝,服务费
2025-01-14,8738.57,合作伙伴,POS机,广告收入
2025-01-14,10522.26,老客户,支付宝,销售收入
2025-01-14,5618.91,老客户,POS机,服务费
2025-01-14,8345.75,合作伙伴,支付宝,平台分成
2025-01-14,6739.45,新客户,POS机,服务费
2025-01-14,6579.94,新客户,微信,广告收入
2025-01-14,5919.1,新客户,支付宝,服务费
2025-01-14,6779.32,老客户,微信,平台分成
2025-01-15,9583.32,老客户,POS机,服务费
2025-01-15,7933.71,老客户,微信,销售收入
2025-01-15,8945.18,老客户,POS机,广告收入
2025-01-15,10943.86,合作伙伴,支付宝,销售收入
2025-01-15,7468.55,老客户,银行转账,服务费
2025-01-16,7033.86,老客户,支付宝,平台分成
2025-01-16,10266.41,新客户,POS机,平台分成
2025-01-16,6047.11,新客户,POS机,广告收入
2025-01-16,7350.5,老客户,支付宝,平台分成
2025-01-16,8701.33,新客户,POS机,服务费
2025-01-16,10540.23,合作伙伴,支付宝,平台分成
2025-01-16,5122.12,合作伙伴,微信,平台分成
2025-01-17,902.3,老客户,POS机,销售收入
2025-01-17,4910.41,新客户,支付宝,广告收入
2025-01-17,8435.94,合作伙伴,银行转账,平台分成
2025-01-17,5612.53,老客户,微信,广告收入
2025-01-17,8091.9,老客户,POS机,销售收入
2025-01-18,6154.86,合作伙伴,银行转账,平台分成
2025-01-18,8453.13,合作伙伴,支付宝,服务费
2025-01-18,9935.31,新客户,微信,销售收入
2025-01-18,9577.4,合作伙伴,银行转账,平台分成
2025-01-18,5561.55,老客户,支付宝,广告收入
2025-01-18,10340.09,合作伙伴,支付宝,广告收入
2025-01-18,9909.24,合作伙伴,微信,服务费
2025-01-18,10818.44,新客户,POS机,平台分成
2025-01-18,4156.04,新客户,支付宝,销售收入
2025-01-19,7637.74,新客户,银行转账,销售收入
2025-01-19,10923.49,合作伙伴,银行转账,广告收入
2025-01-19,7518.71,老客户,POS机,销售收入
2025-01-19,6533.04,老客户,POS机,销售收入
2025-01-19,10485.84,新客户,POS机,服务费
2025-01-19,1609.21,老客户,POS机,服务费
2025-01-19,8353.6,合作伙伴,POS机,销售收入
2025-01-19,6430.27,老客户,支付宝,广告收入
2025-01-19,770.42,老客户,支付宝,服务费
2025-01-20,11086.88,新客户,POS机,服务费
2025-01-20,5420.11,老客户,微信,广告收入
2025-01-20,9623.41,新客户,银行转账,广告收入
2025-01-20,10028.01,合作伙伴,支付宝,平台分成
2025-01-20,11377.68,合作伙伴,银行转账,服务费
2025-01-20,10215.48,新客户,支付宝,广告收入
2025-01-20,10459.81,合作伙伴,微信,平台分成
2025-01-20,8985.18,新客户,微信,广告收入
2025-01-20,9610.47,新客户,银行转账,广告收入
2025-01-21,4088.54,合作伙伴,支付宝,服务费
2025-01-21,7393.25,老客户,微信,销售收入
2025-01-21,3274.97,合作伙伴,POS机,广告收入
2025-01-21,8557.72,合作伙伴,支付宝,平台分成
2025-01-21,10640.46,老客户,银行转账,平台分成
2025-01-21,9590.39,老客户,微信,销售收入
2025-01-21,3941.17,合作伙伴,POS机,平台分成
2025-01-21,7722.97,合作伙伴,POS机,广告收入
2025-01-21,7029.39,合作伙伴,支付宝,服务费
2025-01-22,9547.22,新客户,微信,广告收入
2025-01-22,12095.9,老客户,微信,服务费
2025-01-22,12047.52,老客户,银行转账,平台分成
2025-01-22,7613.46,老客户,银行转账,广告收入
2025-01-22,5622.84,合作伙伴,银行转账,服务费
2025-01-23,7552.86,老客户,微信,销售收入
2025-01-23,5863.56,老客户,银行转账,销售收入
2025-01-23,3900.73,合作伙伴,银行转账,平台分成
2025-01-23,5119.85,合作伙伴,POS机,销售收入
2025-01-23,9021.82,合作伙伴,POS机,销售收入
2025-01-23,6789.57,老客户,支付宝,销售收入
2025-01-24,5584.38,老客户,POS机,销售收入
2025-01-24,12533.52,合作伙伴,POS机,销售收入
2025-01-24,7142.8,新客户,POS机,服务费
2025-01-24,8277.96,新客户,支付宝,销售收入
2025-01-24,8943.66,新客户,银行转账,销售收入
2025-01-24,9688.52,合作伙伴,微信,广告收入
2025-01-25,7668.39,新客户,支付宝,销售收入
2025-01-25,8989.5,合作伙伴,银行转账,销售收入
2025-01-25,8658.88,老客户,POS机,服务费
2025-01-25,10233.11,合作伙伴,银行转账,平台分成
2025-01-25,7361.4,新客户,微信,服务费
2025-01-25,480.92,新客户,支付宝,服务费
2025-01-25,9427.95,新客户,银行转账,平台分成
2025-01-25,8811.42,新客户,微信,销售收入
2025-01-26,7684.74,老客户,微信,销售收入
2025-01-26,5384.1,合作伙伴,银行转账,销售收入
2025-01-26,2626.72,新客户,支付宝,广告收入
2025-01-26,7795.12,合作伙伴,POS机,平台分成
2025-01-26,10727.06,新客户,微信,销售收入
2025-01-26,10844.51,老客户,银行转账,广告收入
2025-01-26,6522.47,合作伙伴,微信,平台分成
2025-01-26,7198.84,老客户,微信,广告收入
2025-01-26,8061.91,合作伙伴,支付宝,销售收入
2025-01-27,12970.83,新客户,POS机,服务费
2025-01-27,13701.25,新客户,支付宝,销售收入
2025-01-27,7809.03,老客户,POS机,销售收入
2025-01-27,7631.2,老客户,支付宝,销售收入
2025-01-27,5893.01,合作伙伴,支付宝,广告收入
2025-01-27,8965.39,新客户,微信,销售收入
2025-01-27,5872.09,新客户,微信,广告收入
2025-01-27,3224.47,合作伙伴,支付宝,广告收入
2025-01-27,11159.42,新客户,银行转账,销售收入
2025-01-28,5508.96,合作伙伴,支付宝,广告收入
2025-01-28,738.84,合作伙伴,支付宝,服务费
2025-01-28,9478.54,合作伙伴,支付宝,广告收入
2025-01-28,7099.92,老客户,POS机,广告收入
2025-01-28,9310.51,老客户,支付宝,广告收入
2025-01-29,7770.73,新客户,微信,广告收入
2025-01-29,5780.58,老客户,银行转账,服务费
2025-01-29,6124.1,合作伙伴,POS机,服务费
2025-01-29,4884.34,新客户,POS机,服务费
2025-01-29,8727.24,合作伙伴,支付宝,广告收入
2025-01-29,3011.17,新客户,POS机,平台分成
2025-01-29,9031.58,老客户,微信,销售收入
2025-01-29,6494.0,老客户,POS机,平台分成
2025-01-30,8212.81,老客户,支付宝,广告收入
2025-01-30,11987.38,老客户,支付宝,销售收入
2025-01-30,9947.57,合作伙伴,微信,服务费
2025-01-30,5223.94,合作伙伴,微信,广告收入
2025-01-30,6855.92,新客户,支付宝,平台分成
2025-01-30,8464.22,老客户,微信,平台分成
2025-01-30,7652.37,合作伙伴,微信,平台分成
2025-01-30,11012.74,老客户,支付宝,广告收入
2025-01-30,11016.52,老客户,POS机,服务费
2025-01-30,4182.08,合作伙伴,支付宝,服务费
2025-01-31,10272.99,老客户,POS机,销售收入
2025-01-31,6001.79,新客户,微信,广告收入
2025-01-31,7439.04,新客户,POS机,销售收入
2025-01-31,10552.75,老客户,POS机,广告收入
2025-01-31,8110.9,新客户,POS机,服务费
2025-02-01,3635.73,新客户,支付宝,广告收入
2025-02-01,5266.28,合作伙伴,银行转账,销售收入
2025-02-01,9245.47,老客户,银行转账,销售收入
2025-02-01,6251.29,合作伙伴,POS机,广告收入
2025-02-01,9771.4,老客户,支付宝,广告收入
2025-02-01,10850.78,新客户,支付宝,销售收入
2025-02-01,14247.17,老客户,POS机,服务费
2025-02-01,8326.29,合作伙伴,支付宝,销售收入
2025-02-01,3728.7,老客户,POS机,平台分成
2025-02-01,6872.09,合作伙伴,微信,销售收入
2025-02-02,12368.44,老客户,支付宝,销售收入
2025-02-02,8862.88,老客户,支付宝,服务费
2025-02-02,5875.65,合作伙伴,银行转账,广告收入
2025-02-02,6492.59,老客户,支付宝,平台分成
2025-02-02,8794.77,老客户,POS机,服务费
2025-02-02,8768.51,新客户,银行转账,销售收入
2025-02-02,5938.47,新客户,POS机,平台分成
2025-02-02,6469.86,老客户,支付宝,平台分成
2025-02-02,9891.3,新客户,银行转账,平台分成
2025-02-03,8990.5,合作伙伴,支付宝,服务费
2025-02-03,3479.11,老客户,POS机,广告收入
2025-02-03,2070.85,新客户,微信,广告收入
2025-02-03,13105.17,新客户,POS机,广告收入
2025-02-03,9063.99,老客户,微信,平台分成
2025-02-03,10770.11,合作伙伴,银行转账,平台分成
2025-02-03,6481.32,合作伙伴,银行转账,平台分成
2025-02-04,6989.1,老客户,微信,销售收入
2025-02-04,9287.21,合作伙伴,微信,销售收入
2025-02-04,10049.81,新客户,POS机,平台分成
2025-02-04,4507.12,老客户,POS机,广告收入
2025-02-04,11055.16,新客户,POS机,服务费
2025-02-04,3651.5,合作伙伴,支付宝,服务费
2025-02-04,5368.8,合作伙伴,微信,平台分成
2025-02-04,8098.36,合作伙伴,微信,服务费
2025-02-04,10622.62,新客户,微信,销售收入
2025-02-05,6646.23,老客户,微信,平台分成
2025-02-05,7820.88,新客户,支付宝,服务费
2025-02-05,8672.41,老客户,支付宝,销售收入
2025-02-05,8609.93,老客户,微信,平台分成
2025-02-05,8655.17,合作伙伴,银行转账,平台分成
2025-02-05,3126.1,新客户,POS机,广告收入
2025-02-05,2522.31,新客户,银行转账,销售收入
2025-02-06,7162.25,合作伙伴,支付宝,服务费
2025-02-06,7583.81,合作伙伴,微信,服务费
2025-02-06,6825.51,新客户,银行转账,广告收入
2025-02-06,3547.1,老客户,银行转账,平台分成
2025-02-06,2423.83,老客户,微信,平台分成
2025-02-06,6834.24,新客户,支付宝,广告收入
2025-02-07,4217.61,合作伙伴,银行转账,服务费
2025-02-07,5006.51,合作伙伴,支付宝,销售收入
2025-02-07,5976.68,老客户,POS机,平台分成
2025-02-07,3158.12,新客户,POS机,广告收入
2025-02-07,6096.61,老客户,支付宝,平台分成
2025-02-08,9602.26,老客户,银行转账,销售收入
2025-02-08,8985.99,合作伙伴,支付宝,广告收入
2025-02-08,5586.45,老客户,支付宝,广告收入
2025-02-08,7334.67,新客户,支付宝,销售收入
2025-02-08,3548.86,新客户,微信,平台分成
2025-02-08,8852.6,合作伙伴,银行转账,销售收入
2025-02-08,10971.49,新客户,微信,销售收入
2025-02-08,12623.41,合作伙伴,支付宝,平台分成
2025-02-08,5826.87,老客户,支付宝,销售收入
2025-02-09,7142.59,合作伙伴,银行转账,销售收入
2025-02-09,8062.17,老客户,银行转账,销售收入
2025-02-09,5953.09,老客户,微信,销售收入
2025-02-09,10722.52,老客户,支付宝,平台分成
2025-02-09,6253.03,老客户,微信,服务费
2025-02-10,9594.3,新客户,POS机,销售收入
2025-02-10,9124.75,合作伙伴,银行转账,销售收入
2025-02-10,9577.44,合作伙伴,微信,服务费
2025-02-10,6416.26,新客户,支付宝,平台分成
2025-02-10,7146.68,合作伙伴,支付宝,服务费
2025-02-10,7971.12,合作伙伴,POS机,销售收入
2025-02-10,9130.13,新客户,微信,平台分成
2025-02-10,7294.53,新客户,微信,广告收入
2025-02-10,10203.96,合作伙伴,银行转账,销售收入
2025-02-10,7964.7,合作伙伴,支付宝,平台分成
2025-02-11,5603.05,合作伙伴,微信,广告收入
2025-02-11,4618.73,合作伙伴,微信,服务费
2025-02-11,9242.89,合作伙伴,银行转账,平台分成
2025-02-11,7264.24,合作伙伴,银行转账,广告收入
2025-02-11,8618.28,新客户,银行转账,销售收入
2025-02-11,4251.02,合作伙伴,POS机,服务费
2025-02-12,7555.21,新客户,银行转账,服务费
2025-02-12,5717.97,老客户,微信,服务费
2025-02-12,5141.1,新客户,银行转账,平台分成
2025-02-12,9354.11,新客户,支付宝,平台分成
2025-02-12,12932.03,合作伙伴,POS机,广告收入
2025-02-12,9037.94,新客户,微信,平台分成
2025-02-12,7348.08,合作伙伴,POS机,广告收入
2025-02-12,4903.59,合作伙伴,银行转账,平台分成
2025-02-12,5371.12,老客户,POS机,平台分成
2025-02-12,6685.87,新客户,微信,广告收入
2025-02-13,5272.76,老客户,POS机,广告收入
2025-02-13,9985.75,合作伙伴,银行转账,广告收入
2025-02-13,7452.83,新客户,POS机,广告收入
2025-02-13,9915.61,合作伙伴,支付宝,服务费
2025-02-13,10672.86,老客户,支付宝,广告收入
2025-02-13,6066.41,新客户,银行转账,销售收入
2025-02-14,5784.06,老客户,POS机,销售收入
2025-02-14,10128.69,新客户,支付宝,销售收入
2025-02-14,11482.95,老客户,微信,服务费
2025-02-14,10098.37,新客户,支付宝,广告收入
2025-02-14,11624.63,新客户,银行转账,服务费
2025-02-14,4434.69,合作伙伴,微信,平台分成
2025-02-15,12072.35,老客户,POS机,销售收入
2025-02-15,3980.26,老客户,支付宝,平台分成
2025-02-15,9979.65,新客户,银行转账,平台分成
2025-02-15,6573.4,合作伙伴,银行转账,平台分成
2025-02-15,5220.4,老客户,POS机,服务费
2025-02-15,9889.17,老客户,银行转账,销售收入
2025-02-15,6733.49,老客户,支付宝,服务费
2025-02-16,5876.68,老客户,微信,销售收入
2025-02-16,6975.79,老客户,支付宝,广告收入
2025-02-16,7398.4,新客户,支付宝,广告收入
2025-02-16,6584.01,老客户,银行转账,销售收入
2025-02-16,10079.04,合作伙伴,POS机,服务费
2025-02-16,6290.76,老客户,银行转账,销售收入
2025-02-16,9910.75,老客户,支付宝,服务费
2025-02-16,8417.77,新客户,微信,平台分成
2025-02-16,8095.99,老客户,银行转账,广告收入
2025-02-17,3767.29,老客户,微信,销售收入
2025-02-17,9739.34,新客户,支付宝,平台分成
2025-02-17,9054.45,新客户,支付宝,服务费
2025-02-17,11275.48,合作伙伴,支付宝,广告收入
2025-02-17,7245.99,老客户,POS机,销售收入
2025-02-17,8202.86,老客户,微信,平台分成
2025-02-17,5431.01,老客户,支付宝,销售收入
2025-02-17,6785.26,新客户,微信,广告收入
2025-02-17,11604.86,合作伙伴,POS机,广告收入
2025-02-17,6719.06,老客户,微信,广告收入
2025-02-18,4455.39,合作伙伴,银行转账,服务费
2025-02-18,8296.84,新客户,银行转账,广告收入
2025-02-18,7092.4,合作伙伴,POS机,广告收入
2025-02-18,9486.3,新客户,支付宝,平台分成
2025-02-18,10740.17,新客户,支付宝,平台分成
2025-02-18,9063.3,新客户,微信,服务费
2025-02-18,6506.19,老客户,微信,平台分成
2025-02-18,12870.61,老客户,银行转账,平台分成
2025-02-18,2956.65,老客户,支付宝,销售收入
2025-02-18,919.19,老客户,支付宝,平台分成
2025-02-19,9985.64,合作伙伴,银行转账,平台分成
2025-02-19,11667.06,老客户,银行转账,平台分成
2025-02-19,7649.51,合作伙伴,支付宝,服务费
2025-02-19,11159.4,老客户,微信,平台分成
2025-02-19,7745.34,老客户,POS机,销售收入
2025-02-19,10334.37,新客户,银行转账,销售收入
2025-02-19,6583.82,合作伙伴,银行转账,服务费
2025-02-19,5718.34,新客户,支付宝,销售收入
2025-02-19,7263.02,合作伙伴,支付宝,平台分成
2025-02-19,5658.27,新客户,微信,广告收入
2025-02-20,3572.01,新客户,POS机,广告收入
2025-02-20,6395.07,新客户,微信,平台分成
2025-02-20,9170.61,合作伙伴,POS机,销售收入
2025-02-20,7949.56,新客户,支付宝,销售收入
2025-02-20,5064.81,合作伙伴,POS机,平台分成
2025-02-20,6028.32,合作伙伴,POS机,广告收入
2025-02-20,9117.23,老客户,POS机,广告收入
2025-02-21,8971.44,老客户,微信,销售收入
2025-02-21,7793.21,合作伙伴,支付宝,平台分成
2025-02-21,8607.73,合作伙伴,支付宝,广告收入
2025-02-21,8732.23,老客户,支付宝,服务费
2025-02-21,7859.64,新客户,银行转账,销售收入
2025-02-21,4259.96,老客户,银行转账,广告收入
2025-02-21,10398.6,新客户,银行转账,销售收入
2025-02-21,9443.41,合作伙伴,支付宝,服务费
2025-02-22,7678.35,新客户,POS机,销售收入
2025-02-22,6479.12,合作伙伴,支付宝,平台分成
2025-02-22,9481.33,新客户,银行转账,销售收入
2025-02-22,8316.03,合作伙伴,银行转账,平台分成
2025-02-22,5055.97,新客户,支付宝,广告收入
2025-02-22,9807.07,新客户,微信,销售收入
2025-02-22,8279.5,新客户,支付宝,服务费
2025-02-22,2917.5,新客户,微信,平台分成
2025-02-23,13280.87,新客户,支付宝,平台分成
2025-02-23,6191.64,新客户,银行转账,广告收入
2025-02-23,9656.95,新客户,银行转账,广告收入
2025-02-23,7103.87,新客户,POS机,销售收入
2025-02-23,9124.02,合作伙伴,微信,服务费
2025-02-23,9186.58,新客户,微信,销售收入
2025-02-23,11667.91,老客户,微信,广告收入
2025-02-23,9540.56,老客户,银行转账,销售收入
2025-02-24,8433.72,老客户,POS机,服务费
2025-02-24,10759.83,新客户,微信,平台分成
2025-02-24,7359.3,老客户,POS机,服务费
2025-02-24,7749.07,老客户,POS机,广告收入
2025-02-24,5988.04,老客户,POS机,销售收入
2025-02-24,6522.78,老客户,银行转账,服务费
2025-02-25,8720.57,老客户,支付宝,销售收入
2025-02-25,4730.99,合作伙伴,银行转账,服务费
2025-02-25,3426.11,老客户,微信,平台分成
2025-02-25,10885.87,新客户,微信,销售收入
2025-02-25,7618.14,新客户,银行转账,销售收入
2025-02-26,4562.34,老客户,银行转账,广告收入
2025-02-26,4629.51,合作伙伴,银行转账,服务费
2025-02-26,5261.82,新客户,支付宝,广告收入
2025-02-26,300.0,老客户,POS机,销售收入
2025-02-26,7746.69,合作伙伴,银行转账,广告收入
2025-02-27,2768.67,新客户,微信,平台分成
2025-02-27,6166.83,新客户,支付宝,广告收入
2025-02-27,7226.25,老客户,微信,销售收入
2025-02-27,3270.24,合作伙伴,POS机,服务费
2025-02-27,7035.79,老客户,微信,服务费
2025-02-27,2874.11,新客户,银行转账,平台分成
2025-02-27,9847.95,新客户,微信,服务费
2025-02-27,7343.13,新客户,POS机,平台分成
2025-02-27,4010.27,新客户,银行转账,销售收入
2025-02-27,7836.26,新客户,微信,广告收入
2025-02-28,3991.64,老客户,银行转账,销售收入
2025-02-28,7112.2,合作伙伴,支付宝,平台分成
2025-02-28,9037.06,老客户,微信,广告收入
2025-02-28,9569.02,新客户,支付宝,平台分成
2025-02-28,7301.23,老客户,POS机,服务费
2025-03-01,11933.53,老客户,微信,平台分成
2025-03-01,9395.34,新客户,支付宝,平台分成
2025-03-01,380.56,老客户,POS机,平台分成
2025-03-01,6940.41,合作伙伴,支付宝,平台分成
2025-03-01,8126.34,合作伙伴,微信,服务费
2025-03-01,11724.51,合作伙伴,微信,广告收入
2025-03-01,11377.13,合作伙伴,支付宝,平台分成
2025-03-01,6365.8,老客户,POS机,服务费
2025-03-01,7503.79,老客户,支付宝,广告收入
2025-03-02,5795.26,合作伙伴,支付宝,广告收入
2025-03-02,8957.0,新客户,POS机,广告收入
2025-03-02,7942.95,老客户,银行转账,广告收入
2025-03-02,9297.66,新客户,微信,广告收入
2025-03-02,5556.31,合作伙伴,支付宝,广告收入
2025-03-02,9624.56,合作伙伴,微信,服务费
2025-03-02,6034.84,新客户,支付宝,服务费
2025-03-03,5383.66,新客户,银行转账,服务费
2025-03-03,5927.71,老客户,POS机,服务费
2025-03-03,8477.29,新客户,银行转账,平台分成
2025-03-03,7909.17,新客户,支付宝,服务费
2025-03-03,6664.4,合作伙伴,微信,平台分成
2025-03-03,8377.28,老客户,支付宝,平台分成
2025-03-03,4888.64,老客户,银行转账,平台分成
2025-03-03,8582.17,合作伙伴,微信,销售收入
2025-03-04,5505.9,老客户,支付宝,销售收入
2025-03-04,7994.3,老客户,POS机,平台分成
2025-03-04,6138.6,新客户,支付宝,服务费
2025-03-04,6964.07,老客户,POS机,平台分成
2025-03-04,5611.28,新客户,支付宝,广告收入
2025-03-05,8923.33,合作伙伴,POS机,广告收入
2025-03-05,8133.85,合作伙伴,支付宝,服务费
2025-03-05,10429.02,老客户,银行转账,服务费
2025-03-05,3036.01,老客户,POS机,平台分成
2025-03-05,7561.07,新客户,银行转账,服务费
2025-03-05,7252.49,合作伙伴,POS机,广告收入
2025-03-05,6727.08,老客户,微信,销售收入
2025-03-05,6485.44,合作伙伴,POS机,平台分成
2025-03-06,11070.57,老客户,微信,销售收入
2025-03-06,6704.37,老客户,微信,服务费
2025-03-06,11313.19,合作伙伴,银行转账,服务费
2025-03-06,6946.31,合作伙伴,POS机,服务费
2025-03-06,5172.39,合作伙伴,POS机,服务费
2025-03-06,12159.33,合作伙伴,POS机,平台分成
2025-03-06,8763.11,新客户,银行转账,平台分成
2025-03-06,10389.84,合作伙伴,微信,服务费
2025-03-07,8346.63,合作伙伴,微信,广告收入
2025-03-07,11836.21,老客户,微信,销售收入
2025-03-07,10805.94,老客户,POS机,广告收入
2025-03-07,7540.33,老客户,银行转账,广告收入
2025-03-07,8470.58,老客户,POS机,服务费
2025-03-07,10456.71,老客户,支付宝,销售收入
2025-03-08,4499.82,新客户,银行转账,平台分成
2025-03-08,12370.34,老客户,银行转账,服务费
2025-03-08,10600.15,合作伙伴,银行转账,平台分成
2025-03-08,9222.32,合作伙伴,微信,销售收入
2025-03-08,6859.24,新客户,微信,平台分成
2025-03-08,10646.95,新客户,支付宝,平台分成
2025-03-09,8495.33,合作伙伴,银行转账,广告收入
2025-03-09,10525.41,老客户,支付宝,平台分成
2025-03-09,4973.29,合作伙伴,支付宝,服务费
2025-03-09,6182.63,老客户,银行转账,平台分成
2025-03-09,926.38,老客户,POS机,销售收入
2025-03-09,4319.91,合作伙伴,POS机,服务费
2025-03-10,4565.41,合作伙伴,银行转账,平台分成
2025-03-10,5005.08,新客户,银行转账,服务费
2025-03-10,10217.7,新客户,银行转账,销售收入
2025-03-10,12644.82,老客户,支付宝,服务费
2025-03-10,10427.01,新客户,微信,销售收入
2025-03-11,7665.99,老客户,POS机,销售收入
2025-03-11,6081.76,新客户,银行转账,广告收入
2025-03-11,9950.2,新客户,银行转账,销售收入
2025-03-11,8958.59,老客户,微信,平台分成
2025-03-11,6652.91,合作伙伴,支付宝,服务费
2025-03-12,4005.51,老客户,POS机,服务费
2025-03-12,8722.53,新客户,微信,服务费
2025-03-12,9754.89,老客户,微信,广告收入
2025-03-12,9226.66,老客户,微信,销售收入
2025-03-12,9153.17,新客户,微信,平台分成
2025-03-13,7280.99,新客户,支付宝,销售收入
2025-03-13,11727.34,新客户,支付宝,销售收入
2025-03-13,6814.55,新客户,POS机,平台分成
2025-03-13,8473.01,合作伙伴,银行转账,销售收入
2025-03-13,9970.86,合作伙伴,微信,服务费
2025-03-13,6407.3,新客户,微信,服务费
2025-03-13,8512.67,老客户,微信,广告收入
2025-03-13,9846.99,新客户,银行转账,广告收入
2025-03-13,9827.5,老客户,POS机,广告收入
2025-03-14,9346.09,新客户,银行转账,服务费
2025-03-14,10607.65,合作伙伴,微信,广告收入
2025-03-14,11406.0,合作伙伴,支付宝,平台分成
2025-03-14,5815.51,老客户,支付宝,平台分成
2025-03-14,10406.7,新客户,POS机,服务费
2025-03-14,10070.15,老客户,支付宝,平台分成
2025-03-14,10677.7,合作伙伴,微信,服务费
2025-03-14,9072.95,老客户,微信,销售收入
2025-03-14,10079.09,新客户,支付宝,服务费
2025-03-14,7185.67,老客户,支付宝,销售收入
2025-03-15,9851.36,老客户,银行转账,广告收入
2025-03-15,10349.95,合作伙伴,银行转账,销售收入
2025-03-15,7026.14,老客户,微信,服务费
2025-03-15,9859.13,合作伙伴,支付宝,服务费
2025-03-15,7487.81,老客户,支付宝,服务费
2025-03-15,6267.84,老客户,支付宝,销售收入
2025-03-15,7863.85,新客户,支付宝,平台分成
2025-03-15,11257.66,老客户,支付宝,服务费
2025-03-15,6708.48,合作伙伴,支付宝,广告收入
2025-03-16,8103.22,老客户,POS机,广告收入
2025-03-16,10592.9,新客户,POS机,广告收入
2025-03-16,3666.33,合作伙伴,POS机,服务费
2025-03-16,8553.73,老客户,微信,广告收入
2025-03-16,5232.77,老客户,微信,服务费
2025-03-16,12906.99,老客户,支付宝,广告收入
2025-03-17,3448.1,合作伙伴,支付宝,平台分成
2025-03-17,6235.57,新客户,银行转账,广告收入
2025-03-17,9844.28,老客户,银行转账,销售收入
2025-03-17,5315.21,老客户,微信,广告收入
2025-03-17,6082.84,新客户,微信,服务费
2025-03-17,8170.18,合作伙伴,微信,服务费
2025-03-18,11512.93,老客户,银行转账,广告收入
2025-03-18,7396.64,新客户,支付宝,销售收入
2025-03-18,8188.54,合作伙伴,银行转账,广告收入
2025-03-18,5437.68,新客户,支付宝,广告收入
2025-03-18,8996.24,老客户,POS机,服务费
2025-03-18,7800.54,合作伙伴,POS机,广告收入
2025-03-19,7310.9,老客户,微信,广告收入
2025-03-19,7646.02,新客户,银行转账,服务费
2025-03-19,10398.39,新客户,微信,广告收入
2025-03-19,7654.94,老客户,微信,销售收入
2025-03-19,8254.88,老客户,微信,服务费
2025-03-20,9095.76,合作伙伴,银行转账,广告收入
2025-03-20,9215.1,合作伙伴,银行转账,广告收入
2025-03-20,3653.93,新客户,支付宝,广告收入
2025-03-20,8883.56,合作伙伴,支付宝,广告收入
2025-03-20,7307.16,新客户,微信,服务费
2025-03-20,11370.97,合作伙伴,微信,销售收入
2025-03-20,9780.08,老客户,微信,广告收入
2025-03-21,9580.3,合作伙伴,POS机,销售收入
2025-03-21,6443.13,新客户,银行转账,销售收入
2025-03-21,10584.7,新客户,支付宝,平台分成
2025-03-21,6981.35,老客户,微信,销售收入
2025-03-21,7997.62,合作伙伴,微信,平台分成
2025-03-21,10768.64,老客户,微信,平台分成
2025-03-21,7901.91,新客户,银行转账,广告收入
2025-03-21,3613.03,合作伙伴,银行转账,平台分成
2025-03-22,10146.21,新客户,银行转账,销售收入
2025-03-22,10089.02,新客户,POS机,服务费
2025-03-22,9099.56,新客户,支付宝,服务费
2025-03-22,3623.98,老客户,银行转账,销售收入
2025-03-22,12226.0,合作伙伴,支付宝,平台分成
2025-03-22,11669.1,老客户,银行转账,服务费
2025-03-23,2848.89,老客户,银行转账,广告收入
2025-03-23,10727.42,新客户,微信,平台分成
2025-03-23,9106.24,老客户,支付宝,服务费
2025-03-23,5327.18,新客户,POS机,服务费
2025-03-23,8014.35,新客户,微信,平台分成
2025-03-23,10006.95,老客户,微信,服务费
2025-03-23,789.61,合作伙伴,银行转账,销售收入
2025-03-23,8210.5,新客户,银行转账,平台分成
2025-03-23,6152.27,合作伙伴,支付宝,广告收入
2025-03-24,4785.11,新客户,微信,平台分成
2025-03-24,9967.85,新客户,POS机,广告收入
2025-03-24,7472.4,新客户,银行转账,销售收入
2025-03-24,3727.09,新客户,微信,销售收入
2025-03-24,11074.39,老客户,支付宝,平台分成
2025-03-24,8267.92,合作伙伴,POS机,广告收入
2025-03-24,5303.72,合作伙伴,微信,平台分成
2025-03-25,8727.41,新客户,POS机,销售收入
2025-03-25,6732.48,老客户,微信,服务费
2025-03-25,6564.04,老客户,银行转账,平台分成
2025-03-25,8837.1,老客户,微信,销售收入
2025-03-25,6927.88,老客户,POS机,广告收入
2025-03-26,9039.59,老客户,支付宝,广告收入
2025-03-26,11235.46,新客户,微信,销售收入
2025-03-26,7369.9,新客户,支付宝,平台分成
2025-03-26,7808.89,合作伙伴,微信,销售收入
2025-03-26,6111.54,老客户,银行转账,服务费
2025-03-26,5258.11,合作伙伴,微信,平台分成
2025-03-26,9782.82,合作伙伴,微信,广告收入
2025-03-26,10193.38,老客户,支付宝,广告收入
2025-03-27,7508.05,老客户,支付宝,广告收入
2025-03-27,7301.0,老客户,银行转账,服务费
2025-03-27,4594.05,老客户,POS机,广告收入
2025-03-27,5955.79,新客户,支付宝,广告收入
2025-03-27,5165.42,老客户,银行转账,服务费
2025-03-28,6892.37,合作伙伴,银行转账,销售收入
2025-03-28,11051.12,合作伙伴,POS机,服务费
2025-03-28,6353.98,老客户,支付宝,销售收入
2025-03-28,9156.13,老客户,POS机,服务费
2025-03-28,4660.34,老客户,支付宝,服务费
2025-03-29,9810.34,新客户,支付宝,销售收入
2025-03-29,15102.22,合作伙伴,支付宝,平台分成
2025-03-29,12084.25,新客户,POS机,广告收入
2025-03-29,9512.92,老客户,支付宝,服务费
2025-03-29,6521.18,老客户,微信,平台分成
2025-03-29,7626.79,合作伙伴,支付宝,销售收入
2025-03-29,3445.2,新客户,POS机,平台分成
2025-03-29,4203.49,合作伙伴,POS机,广告收入
2025-03-29,5717.64,合作伙伴,POS机,销售收入
2025-03-29,10727.87,新客户,银行转账,服务费
2025-03-30,7273.16,新客户,微信,服务费
2025-03-30,761.11,老客户,支付宝,广告收入
2025-03-30,7787.4,新客户,微信,平台分成
2025-03-30,7677.41,新客户,微信,服务费
2025-03-30,5870.84,合作伙伴,银行转账,销售收入
2025-03-30,8771.36,新客户,银行转账,服务费
2025-03-30,9220.63,老客户,支付宝,平台分成
2025-03-30,8088.55,老客户,支付宝,广告收入
2025-03-30,7139.69,老客户,POS机,广告收入
2025-03-31,5154.8,新客户,银行转账,销售收入
2025-03-31,7312.48,老客户,银行转账,销售收入
2025-03-31,10710.5,老客户,银行转账,销售收入
2025-03-31,8525.76,新客户,支付宝,销售收入
2025-03-31,3976.2,新客户,支付宝,广告收入
2025-04-01,6256.73,合作伙伴,银行转账,销售收入
2025-04-01,6189.53,合作伙伴,银行转账,服务费
2025-04-01,7855.79,新客户,支付宝,广告收入
2025-04-01,8105.99,老客户,支付宝,服务费
2025-04-01,9137.44,新客户,POS机,广告收入
2025-04-01,5742.45,老客户,银行转账,服务费
2025-04-01,5499.02,合作伙伴,支付宝,服务费
2025-04-01,9999.52,老客户,微信,销售收入
2025-04-02,3751.45,合作伙伴,银行转账,服务费
2025-04-02,6297.58,新客户,微信,平台分成
2025-04-02,4158.4,老客户,POS机,服务费
2025-04-02,3004.4,老客户,支付宝,服务费
2025-04-02,11579.81,新客户,银行转账,销售收入
2025-04-02,5236.04,合作伙伴,POS机,广告收入
2025-04-02,10167.37,新客户,POS机,广告收入
2025-04-02,12644.82,合作伙伴,POS机,销售收入
2025-04-02,10899.03,合作伙伴,微信,销售收入
2025-04-03,3403.06,老客户,微信,销售收入
2025-04-03,5963.2,老客户,支付宝,广告收入
2025-04-03,5259.45,老客户,POS机,平台分成
2025-04-03,7830.32,合作伙伴,银行转账,销售收入
2025-04-03,9340.63,合作伙伴,支付宝,平台分成
2025-04-04,9382.06,老客户,支付宝,平台分成
2025-04-04,6689.1,新客户,支付宝,销售收入
2025-04-04,9347.04,老客户,POS机,销售收入
2025-04-04,4064.26,老客户,支付宝,销售收入
2025-04-04,5498.49,合作伙伴,支付宝,广告收入
2025-04-04,8775.86,新客户,微信,平台分成
2025-04-04,6206.97,老客户,银行转账,平台分成
2025-04-04,8247.96,合作伙伴,支付宝,广告收入
2025-04-04,12207.65,合作伙伴,支付宝,服务费
2025-04-04,1656.01,老客户,POS机,广告收入
2025-04-05,8482.42,新客户,微信,广告收入
2025-04-05,4472.36,合作伙伴,POS机,服务费
2025-04-05,10007.89,老客户,微信,服务费
2025-04-05,8155.65,合作伙伴,微信,销售收入
2025-04-05,5968.84,老客户,银行转账,平台分成
2025-04-06,8009.94,合作伙伴,银行转账,销售收入
2025-04-06,9481.19,老客户,POS机,平台分成
2025-04-06,7486.79,老客户,支付宝,服务费
2025-04-06,10796.37,老客户,支付宝,服务费
2025-04-06,8166.91,老客户,支付宝,广告收入
2025-04-07,6011.38,老客户,支付宝,服务费
2025-04-07,5550.6,合作伙伴,支付宝,销售收入
2025-04-07,7009.47,合作伙伴,银行转账,销售收入
2025-04-07,7556.01,新客户,支付宝,平台分成
2025-04-07,9639.73,老客户,微信,服务费
2025-04-07,4358.3,合作伙伴,微信,广告收入
2025-04-07,6946.01,合作伙伴,微信,平台分成
2025-04-08,10130.54,老客户,银行转账,平台分成
2025-04-08,6401.79,新客户,银行转账,服务费
2025-04-08,6495.14,老客户,微信,广告收入
2025-04-08,6416.92,合作伙伴,POS机,服务费
2025-04-08,4625.57,合作伙伴,POS机,销售收入
2025-04-09,12420.42,合作伙伴,POS机,销售收入
2025-04-09,5083.72,新客户,银行转账,服务费
2025-04-09,11867.63,老客户,POS机,平台分成
2025-04-09,8406.45,合作伙伴,支付宝,服务费
2025-04-09,13403.06,新客户,微信,销售收入
2025-04-09,8230.89,老客户,支付宝,平台分成
2025-04-09,6499.28,新客户,支付宝,平台分成
2025-04-09,10380.08,合作伙伴,POS机,服务费
2025-04-10,13872.75,老客户,银行转账,平台分成
2025-04-10,9032.45,老客户,POS机,销售收入
2025-04-10,7267.61,合作伙伴,POS机,服务费
2025-04-10,7824.15,老客户,POS机,服务费
2025-04-10,5754.08,新客户,微信,销售收入
2025-04-11,8102.74,老客户,银行转账,广告收入
2025-04-11,9494.83,合作伙伴,POS机,平台分成
2025-04-11,6221.34,老客户,支付宝,销售收入
2025-04-11,7038.86,老客户,银行转账,广告收入
2025-04-11,4471.86,老客户,支付宝,平台分成
2025-04-11,7658.01,新客户,POS机,平台分成
2025-04-11,5906.9,新客户,支付宝,服务费
2025-04-11,6693.99,新客户,支付宝,广告收入
2025-04-11,8413.51,新客户,POS机,平台分成
2025-04-11,4544.96,老客户,银行转账,销售收入
2025-04-12,5371.95,老客户,POS机,服务费
2025-04-12,1670.58,新客户,银行转账,广告收入
2025-04-12,11321.26,老客户,支付宝,服务费
2025-04-12,5409.16,合作伙伴,支付宝,销售收入
2025-04-12,12546.21,合作伙伴,微信,销售收入
2025-04-12,7019.56,新客户,微信,广告收入
2025-04-12,3989.38,新客户,微信,服务费
2025-04-12,4700.95,合作伙伴,银行转账,广告收入
2025-04-12,5136.58,老客户,银行转账,销售收入
2025-04-13,10004.4,合作伙伴,支付宝,广告收入
2025-04-13,7409.52,新客户,POS机,平台分成
2025-04-13,8856.25,合作伙伴,微信,销售收入
2025-04-13,6024.81,合作伙伴,微信,服务费
2025-04-13,12032.49,新客户,支付宝,服务费
2025-04-13,9101.3,老客户,支付宝,销售收入
2025-04-14,5702.58,合作伙伴,POS机,服务费
2025-04-14,9501.97,新客户,微信,平台分成
2025-04-14,4130.32,老客户,支付宝,广告收入
2025-04-14,11628.14,老客户,银行转账,销售收入
2025-04-14,6151.46,新客户,银行转账,广告收入
2025-04-14,8188.94,合作伙伴,微信,广告收入
2025-04-14,10622.16,老客户,银行转账,平台分成
2025-04-14,8524.79,老客户,支付宝,销售收入
2025-04-14,7340.66,老客户,支付宝,销售收入
2025-04-15,6743.95,合作伙伴,银行转账,广告收入
2025-04-15,3716.91,合作伙伴,微信,服务费
2025-04-15,4956.3,合作伙伴,微信,销售收入
2025-04-15,7978.54,合作伙伴,POS机,服务费
2025-04-15,7563.33,合作伙伴,POS机,销售收入
2025-04-15,8063.23,老客户,POS机,服务费
2025-04-16,4199.33,合作伙伴,银行转账,服务费
2025-04-16,10370.21,新客户,银行转账,销售收入
2025-04-16,7805.61,老客户,银行转账,销售收入
2025-04-16,7533.59,合作伙伴,支付宝,平台分成
2025-04-16,7632.25,老客户,银行转账,平台分成
2025-04-16,3065.59,新客户,POS机,广告收入
2025-04-16,5784.2,老客户,微信,广告收入
2025-04-17,9723.58,新客户,POS机,服务费
2025-04-17,5238.76,老客户,微信,销售收入
2025-04-17,4985.83,合作伙伴,POS机,广告收入
2025-04-17,7884.14,合作伙伴,支付宝,平台分成
2025-04-17,11887.78,老客户,支付宝,销售收入
2025-04-17,7579.04,老客户,支付宝,广告收入
2025-04-17,7184.97,合作伙伴,支付宝,平台分成
2025-04-17,12984.66,合作伙伴,微信,服务费
2025-04-17,6861.35,老客户,支付宝,广告收入
2025-04-18,10153.02,新客户,微信,销售收入
2025-04-18,9854.72,合作伙伴,POS机,服务费
2025-04-18,8326.57,老客户,微信,平台分成
2025-04-18,6805.01,新客户,银行转账,销售收入
2025-04-18,10617.31,合作伙伴,POS机,销售收入
2025-04-19,4740.69,合作伙伴,支付宝,平台分成
2025-04-19,2975.66,新客户,支付宝,销售收入
2025-04-19,8236.0,老客户,POS机,平台分成
2025-04-19,12431.52,合作伙伴,微信,销售收入
2025-04-19,4945.48,合作伙伴,POS机,销售收入
2025-04-19,7672.69,老客户,POS机,服务费
2025-04-19,10820.6,新客户,银行转账,广告收入
2025-04-19,7313.49,老客户,微信,广告收入
2025-04-19,10182.96,老客户,POS机,销售收入
2025-04-19,8018.41,新客户,银行转账,销售收入
2025-04-20,4303.63,老客户,银行转账,销售收入
2025-04-20,8408.58,新客户,银行转账,销售收入
2025-04-20,9863.62,老客户,支付宝,服务费
2025-04-20,6397.21,新客户,支付宝,销售收入
2025-04-20,15060.83,合作伙伴,POS机,广告收入
2025-04-20,5289.39,合作伙伴,微信,服务费
2025-04-20,8306.83,老客户,支付宝,广告收入
2025-04-21,7388.05,合作伙伴,银行转账,广告收入
2025-04-21,9229.17,合作伙伴,微信,广告收入
2025-04-21,9586.41,新客户,支付宝,广告收入
2025-04-21,7715.06,新客户,POS机,服务费
2025-04-21,8982.33,合作伙伴,微信,销售收入
2025-04-21,9235.64,新客户,银行转账,服务费
2025-04-22,9105.82,合作伙伴,银行转账,服务费
2025-04-22,8113.61,老客户,银行转账,平台分成
2025-04-22,9552.34,新客户,支付宝,平台分成
2025-04-22,6939.83,老客户,POS机,广告收入
2025-04-22,7936.26,老客户,POS机,销售收入
2025-04-22,7457.1,合作伙伴,微信,服务费
2025-04-22,13879.43,老客户,微信,平台分成
2025-04-23,6619.89,老客户,微信,服务费
2025-04-23,12039.99,老客户,银行转账,平台分成
2025-04-23,10065.07,合作伙伴,微信,广告收入
2025-04-23,4827.52,新客户,POS机,销售收入
2025-04-23,8339.14,合作伙伴,银行转账,平台分成
2025-04-24,7287.42,新客户,支付宝,服务费
2025-04-24,9605.06,合作伙伴,POS机,平台分成
2025-04-24,6915.32,合作伙伴,微信,平台分成
2025-04-24,12305.39,老客户,银行转账,平台分成
2025-04-24,7199.75,老客户,微信,销售收入
2025-04-24,1987.33,老客户,支付宝,服务费
2025-04-24,7859.86,新客户,支付宝,平台分成
2025-04-24,7043.52,新客户,银行转账,销售收入
2025-04-24,8186.73,老客户,银行转账,销售收入
2025-04-24,10587.5,新客户,银行转账,广告收入
2025-04-25,8722.42,新客户,支付宝,销售收入
2025-04-25,7751.33,新客户,银行转账,服务费
2025-04-25,10235.77,合作伙伴,微信,销售收入
2025-04-25,8495.32,老客户,支付宝,销售收入
2025-04-25,7510.54,新客户,POS机,销售收入
2025-04-26,5394.32,老客户,POS机,广告收入
2025-04-26,7572.57,老客户,银行转账,销售收入
2025-04-26,12575.6,老客户,支付宝,广告收入
2025-04-26,6109.77,老客户,POS机,服务费
2025-04-26,10168.21,老客户,银行转账,服务费
2025-04-27,7110.79,老客户,银行转账,服务费
2025-04-27,6114.72,老客户,银行转账,销售收入
2025-04-27,4697.43,合作伙伴,微信,平台分成
2025-04-27,6899.78,新客户,支付宝,平台分成
2025-04-27,7174.15,新客户,微信,广告收入
2025-04-27,7458.54,合作伙伴,银行转账,销售收入
2025-04-27,8073.59,老客户,支付宝,广告收入
2025-04-27,5104.46,新客户,微信,销售收入
2025-04-27,11823.73,合作伙伴,POS机,广告收入
2025-04-27,10604.63,老客户,银行转账,销售收入
2025-04-28,15745.75,新客户,支付宝,服务费
2025-04-28,7354.56,老客户,微信,销售收入
2025-04-28,8947.08,合作伙伴,银行转账,销售收入
2025-04-28,9738.44,新客户,支付宝,服务费
2025-04-28,7688.69,合作伙伴,银行转账,销售收入
2025-04-28,2154.57,合作伙伴,POS机,平台分成
2025-04-28,3272.18,老客户,支付宝,销售收入
2025-04-29,8448.64,合作伙伴,银行转账,服务费
2025-04-29,1911.72,合作伙伴,微信,销售收入
2025-04-29,9710.41,新客户,微信,平台分成
2025-04-29,12585.51,合作伙伴,微信,销售收入
2025-04-29,9496.0,合作伙伴,支付宝,销售收入
2025-04-30,12653.14,老客户,银行转账,平台分成
2025-04-30,5634.31,老客户,微信,服务费
2025-04-30,9944.62,合作伙伴,银行转账,平台分成
2025-04-30,9486.26,合作伙伴,支付宝,销售收入
2025-04-30,10325.92,合作伙伴,POS机,平台分成
2025-04-30,4333.28,老客户,支付宝,销售收入
2025-04-30,9014.51,老客户,微信,服务费
2025-04-30,14553.69,新客户,微信,销售收入
2025-04-30,7658.0,新客户,银行转账,销售收入
2025-04-30,5880.12,新客户,微信,服务费
2025-05-01,6961.7,老客户,银行转账,服务费
2025-05-01,9878.8,合作伙伴,POS机,销售收入
2025-05-01,9328.71,合作伙伴,POS机,销售收入
2025-05-01,5293.04,合作伙伴,POS机,销售收入
2025-05-01,8845.17,合作伙伴,银行转账,服务费
2025-05-01,9614.93,老客户,银行转账,广告收入
2025-05-02,6357.16,新客户,银行转账,销售收入
2025-05-02,6255.7,老客户,支付宝,服务费
2025-05-02,11988.21,老客户,银行转账,服务费
2025-05-02,7224.82,合作伙伴,微信,销售收入
2025-05-02,6379.53,合作伙伴,银行转账,广告收入
2025-05-02,9272.81,老客户,银行转账,销售收入
2025-05-02,12898.03,新客户,微信,销售收入
2025-05-03,6855.59,新客户,微信,服务费
2025-05-03,6156.55,老客户,银行转账,平台分成
2025-05-03,5914.54,新客户,银行转账,广告收入
2025-05-03,4523.51,老客户,银行转账,销售收入
2025-05-03,4382.07,合作伙伴,POS机,广告收入
2025-05-03,4072.12,新客户,银行转账,平台分成
2025-05-03,10703.79,合作伙伴,微信,销售收入
2025-05-03,12238.7,老客户,POS机,服务费
2025-05-04,9760.19,合作伙伴,银行转账,销售收入
2025-05-04,3025.46,新客户,支付宝,服务费
2025-05-04,6312.8,合作伙伴,微信,销售收入
2025-05-04,12178.37,新客户,银行转账,服务费
2025-05-04,5746.56,新客户,微信,服务费
2025-05-04,5765.14,老客户,POS机,服务费
2025-05-05,9310.67,新客户,微信,销售收入
2025-05-05,8428.67,新客户,银行转账,销售收入
2025-05-05,1578.0,老客户,银行转账,平台分成
2025-05-05,9780.89,老客户,微信,服务费
2025-05-05,5303.44,新客户,支付宝,销售收入
2025-05-05,6602.86,合作伙伴,银行转账,服务费
2025-05-05,6408.04,老客户,微信,广告收入
2025-05-05,2715.84,新客户,支付宝,平台分成
2025-05-05,7619.34,合作伙伴,银行转账,服务费
2025-05-06,10268.06,老客户,POS机,平台分成
2025-05-06,11178.95,合作伙伴,银行转账,平台分成
2025-05-06,11111.41,老客户,银行转账,广告收入
2025-05-06,13578.75,合作伙伴,POS机,销售收入
2025-05-06,7269.81,新客户,微信,服务费
2025-05-06,6990.61,新客户,POS机,广告收入
2025-05-06,9231.41,新客户,银行转账,销售收入
2025-05-07,6853.35,老客户,银行转账,广告收入
2025-05-07,8341.49,新客户,支付宝,平台分成
2025-05-07,8063.46,新客户,银行转账,平台分成
2025-05-07,8355.75,合作伙伴,微信,平台分成
2025-05-07,9515.05,新客户,支付宝,广告收入
2025-05-08,4649.86,老客户,银行转账,服务费
2025-05-08,7457.71,老客户,支付宝,广告收入
2025-05-08,4382.75,合作伙伴,微信,销售收入
2025-05-08,11146.77,合作伙伴,POS机,服务费
2025-05-08,6684.98,老客户,POS机,平台分成
2025-05-08,9940.04,老客户,微信,销售收入
2025-05-08,8732.38,合作伙伴,银行转账,服务费
2025-05-08,4996.03,新客户,微信,服务费
2025-05-08,11539.79,新客户,银行转账,广告收入
2025-05-09,5927.06,新客户,POS机,销售收入
2025-05-09,11976.01,新客户,微信,销售收入
2025-05-09,6577.13,老客户,POS机,销售收入
2025-05-09,9246.51,新客户,支付宝,平台分成
2025-05-09,9884.34,合作伙伴,银行转账,平台分成
2025-05-10,4727.51,新客户,支付宝,广告收入
2025-05-10,6469.1,合作伙伴,POS机,平台分成
2025-05-10,6315.6,老客户,微信,销售收入
2025-05-10,10574.6,合作伙伴,银行转账,服务费
2025-05-10,9050.67,合作伙伴,银行转账,平台分成
2025-05-10,8749.13,新客户,微信,广告收入
2025-05-10,6591.3,新客户,银行转账,销售收入
2025-05-10,7917.11,合作伙伴,POS机,销售收入
2025-05-10,9432.73,新客户,POS机,广告收入
2025-05-11,5477.86,新客户,银行转账,平台分成
2025-05-11,9976.8,老客户,银行转账,平台分成
2025-05-11,8764.0,合作伙伴,银行转账,广告收入
2025-05-11,14230.46,老客户,支付宝,广告收入
2025-05-11,7312.2,老客户,银行转账,广告收入
2025-05-11,7723.02,新客户,银行转账,广告收入
2025-05-11,7271.28,老客户,微信,平台分成
2025-05-12,5028.75,新客户,支付宝,广告收入
2025-05-12,6507.41,新客户,支付宝,销售收入
2025-05-12,10635.09,新客户,支付宝,广告收入
2025-05-12,9751.41,合作伙伴,支付宝,销售收入
2025-05-12,9274.76,新客户,POS机,销售收入
2025-05-13,9291.2,合作伙伴,银行转账,平台分成
2025-05-13,8273.93,新客户,银行转账,销售收入
2025-05-13,6958.9,新客户,支付宝,平台分成
2025-05-13,10154.91,老客户,支付宝,服务费
2025-05-13,4641.32,合作伙伴,银行转账,销售收入
2025-05-13,8853.04,合作伙伴,支付宝,平台分成
2025-05-13,11750.69,老客户,POS机,平台分成
2025-05-13,8123.32,合作伙伴,微信,服务费
2025-05-13,9806.12,新客户,微信,平台分成
2025-05-14,5910.78,新客户,支付宝,销售收入
2025-05-14,10743.05,新客户,支付宝,广告收入
2025-05-14,9441.13,新客户,微信,销售收入
2025-05-14,4228.61,合作伙伴,微信,销售收入
2025-05-14,5319.85,新客户,POS机,销售收入
2025-05-14,11255.85,新客户,银行转账,平台分成
2025-05-15,12522.15,合作伙伴,微信,广告收入
2025-05-15,9401.92,老客户,支付宝,广告收入
2025-05-15,6297.83,老客户,支付宝,平台分成
2025-05-15,3304.55,合作伙伴,POS机,销售收入
2025-05-15,9101.75,新客户,支付宝,销售收入
2025-05-15,5994.54,合作伙伴,银行转账,平台分成
2025-05-15,4965.76,老客户,POS机,服务费
2025-05-16,7128.85,老客户,支付宝,服务费
2025-05-16,12215.91,合作伙伴,微信,服务费
2025-05-16,6406.44,老客户,POS机,服务费
2025-05-16,7718.38,合作伙伴,支付宝,平台分成
2025-05-16,9127.06,新客户,银行转账,平台分成
2025-05-16,9561.46,新客户,支付宝,服务费
2025-05-16,5247.42,合作伙伴,支付宝,服务费
2025-05-16,6510.15,老客户,银行转账,平台分成
2025-05-16,7818.54,新客户,银行转账,服务费
2025-05-17,14771.15,老客户,支付宝,销售收入
2025-05-17,10019.68,老客户,银行转账,平台分成
2025-05-17,7263.04,新客户,POS机,广告收入
2025-05-17,8090.29,新客户,微信,销售收入
2025-05-17,8052.93,合作伙伴,支付宝,广告收入
2025-05-18,8917.75,合作伙伴,银行转账,广告收入
2025-05-18,12671.51,新客户,银行转账,服务费
2025-05-18,8087.02,老客户,银行转账,广告收入
2025-05-18,8071.16,老客户,银行转账,平台分成
2025-05-18,8054.32,新客户,支付宝,服务费
2025-05-19,5487.76,合作伙伴,微信,平台分成
2025-05-19,5404.77,新客户,支付宝,销售收入
2025-05-19,5585.99,新客户,银行转账,服务费
2025-05-19,11997.59,合作伙伴,支付宝,广告收入
2025-05-19,6067.43,合作伙伴,POS机,服务费
2025-05-19,5823.18,新客户,银行转账,平台分成
2025-05-19,6206.52,合作伙伴,银行转账,服务费
2025-05-19,7138.53,老客户,POS机,平台分成
2025-05-20,6845.92,新客户,微信,广告收入
2025-05-20,9524.17,老客户,POS机,销售收入
2025-05-20,2638.78,老客户,微信,销售收入
2025-05-20,6420.85,新客户,微信,广告收入
2025-05-20,3151.49,老客户,银行转账,广告收入
2025-05-20,10225.03,老客户,微信,平台分成
2025-05-20,10839.87,合作伙伴,微信,销售收入
2025-05-20,7615.01,新客户,POS机,服务费
2025-05-21,5537.81,老客户,微信,平台分成
2025-05-21,7376.79,合作伙伴,银行转账,广告收入
2025-05-21,13595.88,新客户,支付宝,平台分成
2025-05-21,5652.61,新客户,支付宝,平台分成
2025-05-21,9966.23,老客户,微信,服务费
2025-05-22,5747.9,合作伙伴,POS机,平台分成
2025-05-22,5400.93,新客户,POS机,平台分成
2025-05-22,7959.21,新客户,支付宝,广告收入
2025-05-22,6315.52,新客户,微信,平台分成
2025-05-22,10393.84,合作伙伴,支付宝,销售收入
2025-05-22,9992.75,老客户,微信,广告收入
2025-05-22,8842.42,老客户,POS机,销售收入
2025-05-22,3300.18,老客户,POS机,平台分成
2025-05-22,11599.17,合作伙伴,支付宝,销售收入
2025-05-23,13729.78,老客户,支付宝,服务费
2025-05-23,12668.66,老客户,银行转账,平台分成
2025-05-23,7036.34,合作伙伴,POS机,广告收入
2025-05-23,8585.23,老客户,银行转账,广告收入
2025-05-23,6808.62,新客户,微信,服务费
2025-05-23,4738.53,新客户,支付宝,销售收入
2025-05-24,7336.1,合作伙伴,支付宝,服务费
2025-05-24,11425.25,新客户,微信,平台分成
2025-05-24,3749.95,合作伙伴,POS机,平台分成
2025-05-24,7832.57,合作伙伴,银行转账,广告收入
2025-05-24,10073.31,新客户,POS机,广告收入
2025-05-24,6420.87,新客户,银行转账,广告收入
2025-05-24,7539.92,老客户,微信,广告收入
2025-05-25,1780.44,新客户,微信,广告收入
2025-05-25,6110.12,新客户,微信,服务费
2025-05-25,8901.1,新客户,支付宝,广告收入
2025-05-25,5868.09,合作伙伴,POS机,广告收入
2025-05-25,9406.06,合作伙伴,银行转账,销售收入
2025-05-25,8670.72,新客户,POS机,服务费
2025-05-25,5943.12,新客户,支付宝,广告收入
2025-05-26,5541.84,新客户,银行转账,销售收入
2025-05-26,7651.2,合作伙伴,支付宝,服务费
2025-05-26,8210.26,新客户,支付宝,销售收入
2025-05-26,6498.64,新客户,银行转账,销售收入
2025-05-26,4931.99,合作伙伴,微信,平台分成
2025-05-26,11251.61,合作伙伴,微信,服务费
2025-05-26,9427.28,老客户,POS机,广告收入
2025-05-26,9244.83,合作伙伴,POS机,平台分成
2025-05-26,9992.08,新客户,POS机,服务费
2025-05-27,6063.69,新客户,微信,服务费
2025-05-27,7805.57,新客户,支付宝,广告收入
2025-05-27,6859.74,合作伙伴,支付宝,销售收入
2025-05-27,4977.0,新客户,银行转账,销售收入
2025-05-27,8141.85,老客户,银行转账,销售收入
2025-05-27,5704.49,合作伙伴,银行转账,广告收入
2025-05-27,9602.4,老客户,微信,销售收入
2025-05-27,7396.42,新客户,支付宝,广告收入
2025-05-28,11666.96,老客户,支付宝,销售收入
2025-05-28,5677.16,老客户,银行转账,平台分成
2025-05-28,5164.95,合作伙伴,微信,服务费
2025-05-28,10578.58,老客户,银行转账,平台分成
2025-05-28,5392.51,合作伙伴,支付宝,销售收入
2025-05-29,8315.16,新客户,POS机,平台分成
2025-05-29,9944.97,合作伙伴,POS机,广告收入
2025-05-29,8402.61,新客户,银行转账,服务费
2025-05-29,6966.98,老客户,微信,服务费
2025-05-29,7619.77,老客户,微信,平台分成
2025-05-30,11864.33,老客户,银行转账,平台分成
2025-05-30,6037.24,新客户,支付宝,销售收入
2025-05-30,4997.79,合作伙伴,POS机,平台分成
2025-05-30,9537.28,老客户,微信,广告收入
2025-05-30,9321.77,新客户,支付宝,销售收入
2025-05-30,6171.88,老客户,支付宝,广告收入
2025-05-30,10194.28,合作伙伴,POS机,销售收入
2025-05-30,9711.07,合作伙伴,支付宝,广告收入
2025-05-31,7833.36,老客户,银行转账,销售收入
2025-05-31,7640.85,合作伙伴,POS机,服务费
2025-05-31,7587.3,新客户,微信,服务费
2025-05-31,3864.56,新客户,POS机,销售收入
2025-05-31,5413.82,合作伙伴,支付宝,广告收入
2025-05-31,7552.17,合作伙伴,微信,销售收入
2025-05-31,5460.08,新客户,银行转账,平台分成
2025-05-31,2807.2,老客户,银行转账,广告收入
